[{"model": "auth.user", "pk": 2, "fields": {"password": "!j2Z2wjngAdUu3vktQUvutmfp043rr1cru6iCrBir", "last_login": "2024-11-07T15:59:05.480Z", "is_superuser": false, "username": "yehjune", "first_name": "Yehjune", "last_name": "Heo", "email": "", "is_staff": false, "is_active": true, "date_joined": "2024-11-05T04:15:02Z", "groups": [], "user_permissions": []}}, {"model": "auth.user", "pk": 9, "fields": {"password": "pbkdf2_sha256$600000$8K7Q0iUndvwrzHcrkv2cQL$nf1aIQ8C+IDA6V/dptSVYWG53AclWLmRGDJF4hRERnY=", "last_login": "2024-11-06T20:25:30.528Z", "is_superuser": false, "username": "sdfsdf", "first_name": "sdfsdfsdf", "last_name": "sdfsdf", "email": "yejunheo796@gmail.com", "is_staff": false, "is_active": true, "date_joined": "2024-11-06T20:24:43.036Z", "groups": [], "user_permissions": []}}, {"model": "auth.user", "pk": 10, "fields": {"password": "pbkdf2_sha256$600000$rcuzGsoOABr86uvQjcN3AP$ypX3nbRqeJvTS/KpvEk5qoiIUApujxm2aZ6IZ5IG2G0=", "last_login": "2024-11-09T05:07:53.689Z", "is_superuser": true, "username": "admin", "first_name": "Yehjune", "last_name": "Heo", "email": "admin@gmail.com", "is_staff": true, "is_active": true, "date_joined": "2024-11-08T20:36:14.056Z", "groups": [], "user_permissions": []}}, {"model": "auth.user", "pk": 11, "fields": {"password": "pbkdf2_sha256$600000$yCywGMJXrTFh7wbpDiRFzU$vPz2FnyiQBvZP0af1+CAN16Seq7+DyIzFf9qt6gd3kk=", "last_login": "2024-11-09T05:07:38.269Z", "is_superuser": false, "username": "ldldld", "first_name": "Yehjune", "last_name": "asdasd", "email": "asdasdddsd@gmail.com", "is_staff": false, "is_active": false, "date_joined": "2024-11-09T05:06:50Z", "groups": [], "user_permissions": []}}, {"model": "sessions.session", "pk": "699s9c1ka8owdy25dibgbzvzts8qzlhz", "fields": {"session_data": ".eJxVjDsOgzAQRO_iOrLw36RMzxmsXe86kERGwlBFuXtAokjKmfdm3iLBto5pa7ykicRVqE5cfkuE_OR6EHpAvc8yz3VdJpSHIk_a5DATv26n-3cwQhv3da89Za2zNwX6zgU0HpRz7K3VBoMrNjITAduIcU8UsgLAosBgr2wQny8D4Thi:1t9dhR:Gme9AB3MyfxZi5B9g3VTVWFfrs2srWUfzSQNN2Fs9Bc", "expire_date": "2024-11-23T05:07:53.690Z"}}, {"model": "sessions.session", "pk": "6s4skp4oy0iaiob5xfdx7uekjkxwt0z5", "fields": {"session_data": "e30:1t7Tpn:kNJOe02SkfzJnSMM_HEsoGmHNuStNiBx6oHoOxFWhbI", "expire_date": "2024-11-17T06:11:35.210Z"}}, {"model": "sessions.session", "pk": "8jdp5wbvxl4gyuoq2llzj6yc94ixv088", "fields": {"session_data": ".eJxVT8tuhDAM_JecEQokJPbeur9RVchJvAsqJRUJvaD99wZKD9yseXlmEyn6kSbyPq5z7lOmzEnctlcl_jFa88BzHj3lMc79F-chhqJ538TfLW7XFFG8Wdwaq6SFTjayBkQ0WInvJf6MgZfieMb4nLhI13EPaKRGK6U1SqGWHaAxWovXRyWO__2aeOkPZSsumCP_yfNO0DTtcH22qA_NSaf67bLifrouUQOloeRgS6xaZY1utSZHAAEsqDLEaGCF6FyjArBFY52DVnaBtTTgg3p4eJTWv23zb3g:1t8CFG:-lYz-tlpEfrclCjN1OrMY0lLxSbybbbtw7lgygWV1w4", "expire_date": "2024-11-19T05:36:50.927Z"}}, {"model": "sessions.session", "pk": "qcm8ux9rlxdirlkovzl469uh7me1pjlu", "fields": {"session_data": ".eJxVi8sKwjAQRf9l1lKSzCSduhT8jjB5kaKVYtqFiP_eCl3o8txzzxu8rEv1a8tPPyY4g4bT7xYk3vLjK6aXzHN3cOuuk4z3y2H_kiqt7n-LQ-mxmEAqRyOsWZlcQk8DO1Vs0uQ0I4nTlBKaKIzRKSvWMbIlhs8Gba8xZQ:1t7na3:aXwXzPBRZWer7dQ68fzRE8z2gXIENkKuL8ISus1IoIE", "expire_date": "2024-11-18T03:16:39.069Z"}}, {"model": "sessions.session", "pk": "sichz4i1mnuh3g0m4hij40ce4r7ozsbn", "fields": {"session_data": "e30:1t8C9O:COD91nrTlANLaHIycqc7zKhq-6eEgtrAT7IWpzqjvb0", "expire_date": "2024-11-19T05:30:46.088Z"}}, {"model": "sessions.session", "pk": "tkv8ljgcwlvdoy2yvefr3yrns6py5o81", "fields": {"session_data": "e30:1t7Tph:BIWpIRn18bSMzlP7VAQmS0vlIDrRjR9qniAeYz7SCfU", "expire_date": "2024-11-17T06:11:29.756Z"}}, {"model": "sessions.session", "pk": "ua7vo8dqxf5ilmvzrdmg09k8z8s126an", "fields": {"session_data": "e30:1t7Tph:BIWpIRn18bSMzlP7VAQmS0vlIDrRjR9qniAeYz7SCfU", "expire_date": "2024-11-17T06:11:29.921Z"}}, {"model": "sessions.session", "pk": "ucwupp01jx9fozxwk4wgnoxtbe5hfqpf", "fields": {"session_data": "eyJzb2NpYWxhY2NvdW50X3N0YXRlcyI6eyJKV2hhQW85WlpRM2ZDUDZHIjpbeyJwcm9jZXNzIjoibG9naW4iLCJkYXRhIjpudWxsLCJwa2NlX2NvZGVfdmVyaWZpZXIiOm51bGx9LDE3MzA3ODQxMDEuNjMxMTVdfX0:1t8C7B:QgAZAYrhIjcM70d5G449xJKaPe2Vz0-Fn1EIp1yJq_I", "expire_date": "2024-11-19T05:28:29.218Z"}}, {"model": "myapp.certificationpost", "pk": 7, "fields": {"title": "AWS Certified AI Practitioner (English)", "description": "Prepare for the AWS Certified AI Practitioner exam with in-depth practice and hands-on AWS AI training.", "author": 10, "created_at": "2024-11-08T20:39:10.257Z", "updated_at": "2024-11-12T22:09:57.614Z", "image": "certifications/AI_English_Cover_Photo_nAfDkwb.png", "image_logo": "certifications/AWS-Certified-AI-Practitioner_badge_300x300.85cea45137696692de99a72934f6d_NAxN3LY.png", "language": "en", "price": "10.00", "num_tests": 4, "time_limit": 90, "course_description": "Unlock the pathway to becoming an AWS Certified AI Practitioner with our comprehensive practice exam course, crafted to equip you with the knowledge and skills to excel in the field of AI and machine learning on AWS. Designed for both beginners and experienced professionals, this course covers essential AWS services, core AI and machine learning concepts, and real-world applications—everything you need to confidently pass the AIF-C01 exam and succeed in an AI-focused role on AWS.<br>\r\nIn this course, you'll find meticulously designed practice exams that mirror the AIF-C01 certification format, providing you with 65 exam-style questions per test. Each question has been carefully crafted to reinforce critical concepts around key AWS services such as Amazon S3, EC2, IAM, RDS, and serverless architectures, ensuring you understand both the theory and the practical applications of AI within AWS environments.", "review_mode_description": "In this mode, you can view hints and explanations for each question as you go through the exam. It's a great way to learn and understand the material thoroughly.", "timed_mode_description": "This mode simulates the actual exam environment. No hints or explanations are provided during the test, allowing you to assess your readiness under exam conditions.", "practice_exam_translate": "Practice Exam", "why_this_course_stands_out": "<strong>Comprehensive, Scenario-Based Learning:</strong> Our course emphasizes practical, scenario-driven questions to help you think like an AWS AI practitioner. Each question relates to real-world applications, enhancing your ability to translate theoretical knowledge into practical, industry-relevant skills.<br>\r\n<strong>Tailored for All Experience Levels:</strong> Whether you’re new to AWS or looking to expand your skills, this course provides a supportive, step-by-step approach. No prior AWS experience is necessary—just a willingness to learn and a computer to get started.<br>\r\n<strong>Up-to-Date Content:</strong> The course is regularly updated to reflect the latest advancements and updates in AWS services, ensuring that you’re studying the most current material aligned with AWS standards and best practices.<br>\r\n<strong>Real Exam Preparation:</strong> With 4 full-length practice exams totaling 260 questions, you'll be thoroughly prepared for the AIF-C01 exam. Each exam includes detailed explanations, helping you understand not only the correct answers but also why other options are incorrect.<br>\r\n<strong>High-Quality Production Values:</strong>The course features clear audio, vibrant visuals, and professionally produced content, making your learning experience engaging and effective.<br>", "what_you_will_gain": "<strong>Thorough Understanding of AWS AI and Machine Learning Services:</strong> This course dives into essential AWS AI tools and services, such as Amazon Rekognition, Lex, Polly, and machine learning foundations, giving you a practical understanding of AI within the AWS ecosystem.<br>\r\n<strong>Skills to Implement Real-World AI Solutions:</strong> Beyond passing the exam, you'll learn to design and implement AI solutions that are scalable, cost-effective, and adhere to AWS best practices, preparing you for real-world challenges.<br>\r\n<strong>Confidence to Excel in Technical Interviews:</strong> By the end of this course, you’ll be equipped with not only the knowledge to pass the exam but also the confidence to demonstrate your skills in technical interviews for roles such as AWS AI/ML Practitioner or Cloud Engineer.", "course_highlights": "<strong>4 Full-Length Practice Exams:</strong> Each with 65 unique, exam-style questions, designed to cover all major topics in the AIF-C01 exam blueprint.<br>\r\n<strong>Real-World Scenarios and Case Studies:</strong> Questions built around realistic scenarios, so you’re prepared to handle real AI tasks on AWS.<br>\r\n<strong>Comprehensive Topic Coverage:</strong> Identity and Access Management (IAM), Amazon S3, Elastic Compute Cloud (EC2), Virtual Private Cloud (VPC), serverless architectures (Lambda & API Gateway), and more.<br>\r\n<strong>Step-by-Step Explanations and Feedback:</strong> Each question includes a thorough explanation, reinforcing your understanding of the material and exam strategy.<br>\r\n<strong>Optimized for Retention and Success:</strong> Designed to help you retain critical concepts and techniques, with review quizzes and knowledge checks throughout.<br>", "who_should_take_this_course": "<strong>IT Beginners and Career Changers:</strong> Anyone looking to start a career in AI or cloud computing, with no prior AWS experience required.<br>\r\n<strong>Experienced Engineers or IT Professionals:</strong> Those looking to add AWS AI skills to their toolkit.<br>\r\n<strong>Project Managers and Consultants:</strong> Individuals managing or consulting on AWS projects who need a solid understanding of AWS AI/ML capabilities.", "course_requirements": "No previous AWS knowledge is required.<br>\r\nA laptop or workstation for hands-on practice.", "join_today": "With this course, you’ll gain everything you need to confidently pass the AWS Certified AI Practitioner exam and elevate your skills, setting yourself on the path to one of the most in-demand roles in cloud technology. Plus, with our satisfaction guarantee, you can enroll with confidence, knowing you have access to quality content that’s regularly updated to stay current with AWS advancements.", "difficulty": "Beginner", "duration": "90 Minutes", "exam_format": "65 Multiple-Choice Questions", "number_of_practices": "4 Practice Tests"}}, {"model": "myapp.certificationpost", "pk": 8, "fields": {"title": "AWS Certified AI Practitioner (한국어)", "description": "심도 있는 연습과 실습 기반의 AWS AI 교육으로 AWS Certified AI Practitioner 시험을 준비하세요.", "author": 10, "created_at": "2024-11-09T02:20:30.736Z", "updated_at": "2024-11-12T22:12:54.209Z", "image": "certifications/AI_Korean_Cover_Photo_dJKESWT.png", "image_logo": "certifications/AWS-Certified-AI-Practitioner_badge_300x300.85cea45137696692de99a72934f6d_9h8RlNm.png", "language": "kr", "price": "12.99", "num_tests": 4, "time_limit": 90, "course_description": "AWS Certified AI Practitioner가 되는 길을 열어줄 이 포괄적인 연습 시험 과정을 통해 AI 및 AWS 기반 머신러닝 분야에서 뛰어난 성과를 거두는 데 필요한 지식과 기술을 습득하세요. 초보자와 경험이 있는 전문가 모두를 위해 설계된 이 과정은 필수적인 AWS 서비스, 핵심 AI 및 머신러닝 개념, 그리고 실제 애플리케이션을 다루며, AIF-C01 시험에 자신 있게 합격하고 AWS에서 AI 중심 역할에서 성공할 수 있도록 도와드립니다.<br> 이 과정에는 AIF-C01 인증 형식에 맞춰 65개의 시험 스타일 질문이 포함된 정교한 연습 시험이 있습니다. 각 질문은 Amazon S3, EC2, IAM, RDS, 서버리스 아키텍처 등 주요 AWS 서비스에 대한 중요한 개념을 강화하도록 설계되어 AWS 환경 내에서 AI의 이론과 실습 응용을 이해하도록 돕습니다.", "review_mode_description": "이 모드에서는 시험을 진행하면서 각 문제에 대한 힌트와 설명을 볼 수 있습니다. 내용을 철저하게 배우고 이해하는 좋은 방법입니다.", "timed_mode_description": "이 모드는 실제 시험 환경을 시뮬레이션합니다. 시험 중에는 힌트나 설명이 제공되지 않으므로 시험 조건에서 자신의 준비 상태를 평가할 수 있습니다.", "practice_exam_translate": "연습 시험", "why_this_course_stands_out": "<strong>포괄적인 시나리오 기반 학습:</strong> 이 과정은 AWS 솔루션스 아키텍트 사고 방식을 기르도록 실전 시나리오 중심의 질문을 통해 학습합니다. 각 질문은 실제 사례와 연관되어 이론 지식을 실무에 적용할 수 있는 능력을 향상시켜줍니다.<br>\r\n<strong>모든 경험 수준에 맞춘 맞춤형 과정:</strong> AWS가 처음이거나 스킬을 확장하고자 하는 분을 위해, 이 과정은 지원적이고 단계별 접근 방식을 제공합니다. AWS에 대한 사전 경험이 필요하지 않으며, 배우고자 하는 열정과 컴퓨터만 있으면 시작할 수 있습니다.<br>\r\n<strong>최신 내용 반영:</strong> 이 과정은 AWS 서비스의 최신 발전 사항과 업데이트를 반영하여 정기적으로 업데이트되며, AWS 표준 및 모범 사례에 맞춘 최신 자료를 학습할 수 있도록 보장합니다.<br>\r\n<strong>실전 시험 준비:</strong> 총 260문항으로 구성된 4개의 전체 모의 시험을 통해 AIF-C01 시험을 완벽하게 준비할 수 있습니다. 각 시험에는 상세한 설명이 포함되어, 정답뿐만 아니라 다른 옵션이 왜 틀린지에 대한 이해를 돕습니다.<br>\r\n<strong>고품질 콘텐츠:</strong> 명확한 오디오, 생생한 시각 자료 및 전문적으로 제작된 콘텐츠를 통해 학습 경험이 더욱 몰입감 있고 효과적으로 느껴집니다.<br>", "what_you_will_gain": "<strong>AWS AI 및 머신러닝 서비스에 대한 철저한 이해:</strong> 이 과정은 Amazon Rekognition, Lex, Polly 등 필수적인 AWS AI 도구와 머신러닝 기초를 다루며, AWS 생태계 내에서 AI를 실질적으로 이해할 수 있도록 돕습니다.<br> <strong>실제 AI 솔루션 구현 기술:</strong> 시험 합격을 넘어서, 확장 가능하고 비용 효율적이며 AWS 모범 사례에 맞는 AI 솔루션을 설계 및 구현하는 방법을 배워 실무 과제에 대비할 수 있습니다.<br> <strong>기술 면접에서의 자신감:</strong> 이 과정을 마치면 시험에 합격할 지식뿐만 아니라 AWS AI/ML 실무자 또는 클라우드 엔지니어와 같은 역할을 위한 기술 면접에서 자신의 능력을 확실히 보여줄 자신감도 얻게 됩니다.", "course_highlights": "<strong>4개의 전체 모의 시험:</strong> 각각 65개의 고유한 시험 스타일의 질문으로, AIF-C01 시험 청사진의 주요 주제를 모두 다룹니다.<br> <strong>실제 시나리오와 사례 연구:</strong> 현실적인 시나리오를 바탕으로 구축된 질문들로 AWS에서 실제 AI 작업을 처리할 준비를 할 수 있습니다.<br> <strong>포괄적인 주제 범위:</strong> IAM(Identity and Access Management), Amazon S3, EC2, VPC(Virtual Private Cloud), 서버리스 아키텍처(Lambda 및 API Gateway) 등 다양한 주제를 다룹니다.<br> <strong>단계별 설명과 피드백:</strong> 각 질문에는 자세한 설명이 포함되어 있어, 학습 내용과 시험 전략을 강화합니다.<br> <strong>지속적인 학습과 성공을 위한 최적화:</strong> 중요한 개념과 기술을 지속적으로 학습할 수 있도록 복습 퀴즈와 지식 점검을 제공합니다.<br>", "who_should_take_this_course": "<strong>IT 초보자 및 경력 전환자:</strong> AI 또는 클라우드 컴퓨팅 분야에서 경력을 시작하려는 분, AWS 경험이 전혀 필요하지 않습니다.<br> <strong>경험 많은 엔지니어나 IT 전문가:</strong> AWS AI 기술을 추가하고자 하는 분.<br> <strong>프로젝트 관리자 및 컨설턴트:</strong> AWS 프로젝트를 관리하거나 자문하는 분으로 AWS AI/ML 기능에 대한 탄탄한 이해가 필요한 분.", "course_requirements": "이전에 AWS 지식이 필요하지 않습니다.<br> 실습을 위한 노트북 또는 작업용 컴퓨터.", "join_today": "이 과정을 통해 AWS Certified AI Practitioner 시험에 자신 있게 합격하고, 기술을 향상시키며 클라우드 기술의 가장 수요가 많은 역할 중 하나로 향하는 길을 열 수 있습니다. 또한, 만족 보장 프로그램을 통해 자신 있게 등록할 수 있으며, AWS 발전에 맞춰 정기적으로 업데이트되는 양질의 콘텐츠에 액세스할 수 있습니다.", "difficulty": "초급", "duration": "90분", "exam_format": "65개의 객관식 질문", "number_of_practices": "4개의 연습 시험"}}, {"model": "myapp.certificationpost", "pk": 9, "fields": {"title": "AWS Certified AI Practitioner (中文)", "description": "为备考 AWS Certified AI Practitioner 认证，深入实践并进行 AWS AI 培训。", "author": 10, "created_at": "2024-11-09T04:55:43.851Z", "updated_at": "2024-11-12T22:14:20.924Z", "image": "certifications/AI_Chinese_Cover_Photo_aQK0Ore.png", "image_logo": "certifications/AWS-Certified-AI-Practitioner_badge_300x300.85cea45137696692de99a72934f6d_MmQzIaf.png", "language": "cn", "price": "14.99", "num_tests": 4, "time_limit": 90, "course_description": "通过我们全面的练习考试课程开启成为 AWS Certified AI Practitioner 的路径，课程专为帮助您掌握 AI 和机器学习在 AWS 上应用的知识和技能而设计。无论是初学者还是有经验的专业人士，这门课程涵盖了关键的 AWS 服务、核心 AI 和机器学习概念以及实际应用——帮助您有信心地通过 AIF-C01 考试并在 AWS 上的 AI 相关职位中取得成功。\r\n在本课程中，您将找到精心设计的练习考试，每个考试包含 65 道与 AIF-C01 认证格式类似的问题。每个问题都精心设计，以巩固关于关键 AWS 服务（如 Amazon S3、EC2、IAM、RDS 和无服务器架构）的关键概念，确保您理解 AI 在 AWS 环境中理论和实际应用的双重基础。", "review_mode_description": "在此模式下，您可以在考试时查看每个问题的提示和解释。这是彻底学习和理解材料的好方法。", "timed_mode_description": "该模式模拟实际考试环境。测试期间不提供任何提示或解释，让您可以评估自己在考试条件下的准备情况。", "practice_exam_translate": "练习考试", "why_this_course_stands_out": "<strong>全面的场景化学习：</strong> 本课程通过实际场景驱动的问题设计，帮助您培养AWS解决方案架构师的思维方式。每个问题都与实际案例相关，提升您将理论知识应用于实际工作的能力。<br>\r\n<strong>适合各个经验水平：</strong> 无论您是AWS新手还是希望扩展技能，本课程都提供支持性和循序渐进的学习方法。无需AWS背景知识，只需学习的意愿和一台电脑即可开始。<br>\r\n<strong>最新内容更新：</strong> 本课程会定期更新，以反映AWS服务的最新进展，确保您学习的内容符合AWS的最新标准和最佳实践。<br>\r\n<strong>真实考试准备：</strong> 通过4套完整的模考共260道题，帮助您为AIF-C01考试做好充足的准备。每套试题都附有详细的解释，帮助您不仅理解正确答案，还能了解其他选项为何不正确。<br>\r\n<strong>高质量的制作内容：</strong> 课程具有清晰的音频、丰富的视觉效果和专业制作的内容，让您的学习体验更具吸引力和效果。<br>", "what_you_will_gain": "<strong>全面理解 AWS 的 AI 和机器学习服务：</strong>本课程深入介绍了 AWS 的关键 AI 工具和服务，如 Amazon Rekognition、Lex、Polly 和机器学习基础知识，帮助您在 AWS 生态系统中获得实际的 AI 理解。<br> <strong>实施真实 AI 解决方案的技能：</strong>除了通过考试，您还将学习如何设计和实施可扩展、成本效益高并符合 AWS 最佳实践的 AI 解决方案，为应对现实世界的挑战做好准备。<br> <strong>在技术面试中脱颖而出的信心：</strong>完成本课程后，您不仅具备通过考试的知识，还具备在技术面试中展示技能的信心，如 AWS AI/ML Practitioner 或云工程师职位。", "course_highlights": "<strong>4 次完整练习考试：</strong>每次考试包含 65 道独特的考试风格问题，涵盖 AIF-C01 考试大纲中的所有主要主题。<br> <strong>真实场景和案例研究：</strong>基于现实场景的问题，帮助您准备在 AWS 上处理实际的 AI 任务。<br> <strong>全面主题覆盖：</strong>身份和访问管理 (IAM)、Amazon S3、弹性计算云 (EC2)、虚拟私有云 (VPC)、无服务器架构（Lambda 和 API Gateway）等。<br> <strong>逐步解释和反馈：</strong>每个问题都附有详细解释，加强您对材料的理解并提升考试策略。<br> <strong>优化记忆与成功：</strong>设计有助于您记住关键概念和技巧，课程中包含回顾测验和知识检查。<br>", "who_should_take_this_course": "<strong>IT 初学者和转行人士：</strong>任何希望在 AI 或云计算领域开始职业生涯的人士，无需任何 AWS 经验。<br> <strong>有经验的工程师或 IT 专业人士：</strong>希望将 AWS AI 技能加入技能组合的人员。<br> <strong>项目经理和顾问：</strong>负责或咨询 AWS 项目的人员，需要对 AWS AI/ML 功能有扎实的理解。", "course_requirements": "无需任何 AWS 知识。<br> 一台笔记本或工作站用于实践操作。", "join_today": "通过本课程，您将获得通过 AWS Certified AI Practitioner 考试并提升技能所需的一切，为自己开启云技术中最具需求的角色之一。此外，通过我们的满意保证，您可以放心注册，享受随时更新的高质量内容，确保与 AWS 的最新进展保持同步。", "difficulty": "初学者", "duration": "90分钟", "exam_format": "65 道多项选择题", "number_of_practices": "4次练习考试"}}, {"model": "myapp.certificationpost", "pk": 10, "fields": {"title": "AWS Certified AI Practitioner (Português)", "description": "Prepare-se para o exame AWS Certified AI Practitioner com prática aprofundada e treinamento prático de IA na AWS.", "author": 10, "created_at": "2024-11-09T04:57:36.281Z", "updated_at": "2024-11-12T22:14:35.591Z", "image": "certifications/AI_Portugese_Cover_Photo_ccR5BhO.png", "image_logo": "certifications/AWS-Certified-AI-Practitioner_badge_300x300.85cea45137696692de99a72934f6d_zYqkJuK.png", "language": "pt", "price": "19.99", "num_tests": 4, "time_limit": 90, "course_description": "Desbloqueie o caminho para se tornar um AWS Certified AI Practitioner com nosso curso abrangente de exame prático, projetado para equipá-lo com o conhecimento e as habilidades necessárias para se destacar no campo de IA e machine learning na AWS. Projetado tanto para iniciantes quanto para profissionais experientes, este curso abrange os serviços essenciais da AWS, conceitos fundamentais de IA e machine learning e aplicações do mundo real – tudo o que você precisa para passar com confiança no exame AIF-C01 e ter sucesso em um papel focado em IA na AWS.<br> Neste curso, você encontrará exames práticos cuidadosamente elaborados que refletem o formato de certificação AIF-C01, fornecendo 65 perguntas em estilo de exame por teste. Cada pergunta foi cuidadosamente criada para reforçar conceitos críticos sobre serviços chave da AWS, como Amazon S3, EC2, IAM, RDS e arquiteturas serverless, garantindo que você compreenda tanto a teoria quanto as aplicações práticas de IA dentro dos ambientes da AWS.", "review_mode_description": "Neste modo, pode ver dicas e explicações para cada questão à medida que avança no exame. É uma ótima forma de aprender e compreender a matéria completamente.", "timed_mode_description": "Este modo simula o ambiente real do exame. Nenhuma dica ou explicação é fornecida durante o teste, permitindo-lhe avaliar a sua preparação nas condições do exame.", "practice_exam_translate": "Exame prático", "why_this_course_stands_out": "<strong>Aprendizado Abrangente Baseado em Cenários:</strong> Nosso curso enfatiza questões práticas baseadas em cenários para ajudá-lo a pensar como um profissional de IA da AWS. Cada questão está relacionada a aplicações do mundo real, aprimorando sua capacidade de traduzir o conhecimento teórico em habilidades práticas e relevantes para a indústria.<br>\r\n<strong>Adaptado para Todos os Níveis de Experiência:</strong> Se você é novo na AWS ou está buscando expandir suas habilidades, este curso oferece uma abordagem passo a passo e de apoio. Nenhuma experiência prévia com a AWS é necessária—basta vontade de aprender e um computador para começar.<br>\r\n<strong>Conteúdo Atualizado:</strong> O curso é regularmente atualizado para refletir os últimos avanços e atualizações dos serviços da AWS, garantindo que você estude o material mais atual alinhado aos padrões e melhores práticas da AWS.<br>\r\n<strong>Preparação Real para o Exame:</strong> Com 4 exames completos, totalizando 260 questões, você estará totalmente preparado para o exame AIF-C01. Cada exame inclui explicações detalhadas, ajudando você a entender não apenas as respostas corretas, mas também por que as outras opções estão incorretas.<br>\r\n<strong>Conteúdo de Alta Qualidade:</strong> O curso apresenta áudio claro, visuais vibrantes e conteúdo profissionalmente produzido, tornando sua experiência de aprendizado envolvente e eficaz.<br>", "what_you_will_gain": "<strong>Compreensão profunda dos serviços de IA e machine learning da AWS:</strong> Este curso explora as ferramentas e serviços essenciais de IA da AWS, como Amazon Rekognition, Lex, Polly e fundamentos de machine learning, proporcionando uma compreensão prática de IA dentro do ecossistema da AWS.<br> <strong>Habilidades para implementar soluções de IA no mundo real:</strong> Além de passar no exame, você aprenderá a projetar e implementar soluções de IA que sejam escaláveis, econômicas e em conformidade com as melhores práticas da AWS, preparando-o para desafios do mundo real.<br> <strong>Confiança para se destacar em entrevistas técnicas:</strong> Ao final deste curso, você estará equipado não apenas com o conhecimento para passar no exame, mas também com a confiança para demonstrar suas habilidades em entrevistas técnicas para cargos como AWS AI/ML Practitioner ou Cloud Engineer.", "course_highlights": "<strong>4 Exames Práticos Completos:</strong> Cada um com 65 perguntas únicas, no estilo do exame, projetadas para cobrir todos os principais tópicos do roteiro do exame AIF-C01.<br> <strong>Cenários do Mundo Real e Estudos de Caso:</strong> Perguntas baseadas em cenários realistas, para que você esteja preparado para lidar com tarefas reais de IA na AWS.<br> <strong>Ampla Cobertura de Tópicos:</strong> Identity and Access Management (IAM), Amazon S3, Elastic Compute Cloud (EC2), Virtual Private Cloud (VPC), arquiteturas serverless (Lambda e API Gateway) e muito mais.<br> <strong>Explicações e Feedback Passo a Passo:</strong> Cada pergunta inclui uma explicação detalhada, reforçando sua compreensão do material e da estratégia do exame.<br> <strong>Otimizado para Retenção e Sucesso:</strong> Projetado para ajudar você a reter conceitos e técnicas essenciais, com revisões e verificações de conhecimento ao longo do curso.<br>", "who_should_take_this_course": "<strong>Iniciantes em TI e Profissionais em Transição:</strong> Qualquer pessoa que queira iniciar uma carreira em IA ou computação em nuvem, sem necessidade de experiência prévia na AWS.<br> <strong>Engenheiros ou Profissionais de TI Experientes:</strong> Aqueles que desejam adicionar habilidades de IA da AWS ao seu conjunto de competências.<br> <strong>Gerentes de Projetos e Consultores:</strong> Profissionais que gerenciam ou consultam projetos na AWS e precisam de um sólido entendimento das capacidades de IA/ML da AWS.", "course_requirements": "Nenhum conhecimento prévio de AWS é necessário.<br> Um laptop ou estação de trabalho para prática prática.", "join_today": "Com este curso, você obterá tudo o que precisa para passar com confiança no exame AWS Certified AI Practitioner e elevar suas habilidades, colocando-se no caminho para uma das funções mais demandadas em tecnologia de nuvem. Além disso, com nossa garantia de satisfação, você pode se inscrever com confiança, sabendo que tem acesso a conteúdo de qualidade, atualizado regularmente para acompanhar os avanços da AWS.", "difficulty": "Iniciante", "duration": "90 Minutos", "exam_format": "65 Perguntas de Múltipla Escolha", "number_of_practices": "4 Testes Práticos"}}, {"model": "myapp.certificationpost", "pk": 11, "fields": {"title": "AWS Certified AI Practitioner (日本語)", "description": "AWS Certified AI Practitioner 試験のための徹底的な練習と実践的な AWS AI トレーニングで準備しましょう。", "author": 10, "created_at": "2024-11-09T04:59:24.308Z", "updated_at": "2024-11-12T22:14:01.262Z", "image": "certifications/AI_Japanese_Cover_Photo_T2v7q9C.png", "image_logo": "certifications/AWS-Certified-AI-Practitioner_badge_300x300.85cea45137696692de99a72934f6d_4Ilk86K.png", "language": "jp", "price": "11.99", "num_tests": 4, "time_limit": 90, "course_description": "AWS Certified AI Practitioner になるための道を開く総合的な試験準備コースです。このコースは、AWS 上で AI や機械学習の分野で活躍するために必要な知識とスキルを身につけるように設計されています。初心者から経験豊富なプロフェッショナルまで、すべての人に対応しており、AWS の基本的なサービス、AI と機械学習の基本概念、そして実際のアプリケーションをカバーしています。このコースを通じて AIF-C01 試験に自信を持って合格し、AWS での AI に特化した役割で成功を収めるために必要なすべてを提供します。<br> このコースでは、AIF-C01 認定試験の形式を反映した練習試験が用意されており、1 回のテストにつき 65 問の試験スタイルの問題が含まれています。各問題は、Amazon S3、EC2、IAM、RDS、サーバーレスアーキテクチャなどの重要な AWS サービスに関する重要な概念を強化するように慎重に設計されており、AWS 環境内での AI の理論と実用的な応用の両方を理解することを目指しています。", "review_mode_description": "このモードでは、試験を進めながら各問題のヒントと説明を表示できます。内容を徹底的に学び理解するのに最適な方法です。", "timed_mode_description": "このモードは、実際の試験環境をシミュレートします。テスト中にヒントや説明は提供されないため、試験条件下で自分の準備状況を評価することができます。", "practice_exam_translate": "模擬試験", "why_this_course_stands_out": "<strong>包括的でシナリオベースの学習:</strong> このコースは、AWSソリューションアーキテクトの考え方を養うために、実践的なシナリオに基づいた質問を通じて学習します。各質問は実際のケースに関連しており、理論的な知識を実務に応用する能力を向上させます。<br>\r\n<strong>あらゆる経験レベルに対応したコース:</strong> AWSが初めての方やスキルを拡張したい方に向けて、このコースはサポートが行き届いたステップバイステップのアプローチを提供します。AWSに関する事前の経験は不要で、学ぶ意欲とコンピュータがあれば開始できます。<br>\r\n<strong>最新の内容を反映:</strong> このコースは、AWSサービスの最新の進展や更新を反映し、定期的に更新されているため、AWSの標準およびベストプラクティスに沿った最新の資料を学習できます。<br>\r\n<strong>本試験への備え:</strong> 合計260問の模擬試験4回分により、AIF-C01試験に万全の準備ができます。各試験には詳細な説明が含まれており、正解だけでなく他の選択肢が間違っている理由も理解できます。<br>\r\n<strong>高品質のコンテンツ:</strong> 明確な音声、生き生きとしたビジュアル、プロによって制作されたコンテンツが、学習体験をさらに没入感のある効果的なものにします。<br>", "what_you_will_gain": "<strong>AWS AI と機械学習サービスの徹底理解:</strong> 本コースでは、Amazon Rekognition、Lex、Polly、機械学習の基礎などの主要な AWS AI ツールとサービスに深く入り込み、AWS エコシステム内での AI の実践的な理解を提供します。<br> <strong>実世界の AI ソリューションを実装するスキル:</strong> 試験合格を超えて、スケーラブルでコスト効率が高く、AWS のベストプラクティスに準拠した AI ソリューションを設計し、実装する方法を学び、現実世界の課題に備えます。<br> <strong>技術面接で成功する自信:</strong> このコースの終了時には、試験に合格するための知識だけでなく、AWS AI/ML Practitioner やクラウドエンジニアなどの役割で技術面接に臨むための自信も身につけることができます。", "course_highlights": "<strong>4 つのフルレングス模擬試験:</strong> 各模擬試験には 65 問のユニークで試験スタイルの問題が含まれており、AIF-C01 試験の主要なトピックを網羅するように設計されています。<br> <strong>実世界のシナリオとケーススタディ:</strong> 現実的なシナリオに基づいた質問で、AWS 上での実際の AI タスクに対応する準備が整います。<br> <strong>包括的なトピックカバレッジ:</strong> Identity and Access Management (IAM)、Amazon S3、Elastic Compute Cloud (EC2)、Virtual Private Cloud (VPC)、サーバーレスアーキテクチャ（Lambda & API Gateway）など。<br> <strong>段階的な説明とフィードバック:</strong> 各質問には詳細な説明が含まれており、教材と試験戦略の理解を強化します。<br> <strong>記憶と成功に最適化:</strong> 重要な概念や技術を保持するのに役立つよう、レビュークイズや知識チェックを含めて設計されています。<br>", "who_should_take_this_course": "<strong>IT 初心者およびキャリアチェンジャー:</strong> AI またはクラウドコンピューティングのキャリアを開始したい方に最適で、AWS の経験は不要です。<br> <strong>経験豊富なエンジニアまたは IT プロフェッショナル:</strong> AWS AI スキルをツールキットに追加したい方に向けています。<br> <strong>プロジェクトマネージャーとコンサルタント:</strong> AWS プロジェクトを管理またはコンサルティングしている方で、AWS の AI/ML 機能について確実な理解が必要な方。", "course_requirements": "AWS に関する知識は一切不要です。<br> 実践的な練習のためのノートパソコンまたはワークステーションが必要です。", "join_today": "このコースを通じて、AWS Certified AI Practitioner 試験に自信を持って合格し、スキルを向上させるために必要なすべてを得られます。クラウドテクノロジーの中でも最も需要の高い役割のひとつに向けた道を歩むことができます。また、満足保証付きのため、自信を持って登録でき、AWS の進展に合わせて定期的に更新される高品質のコンテンツにアクセスできます。", "difficulty": "初心者向け", "duration": "90 分", "exam_format": "65 問の多項選択式問題", "number_of_practices": "4 回の模擬試験"}}, {"model": "myapp.certificationpost", "pk": 12, "fields": {"title": "AWS Certified Solutions Architect Associate (English)", "description": "Prepare for the AWS Certified Solutions Architect Associate exam with comprehensive practice and hands-on AWS training.", "author": 10, "created_at": "2024-11-12T22:22:08.373Z", "updated_at": "2024-11-12T22:28:20.144Z", "image": "certifications/Untitled_design.png", "image_logo": "certifications/aws_saa_logo_3uKhZA4.png", "language": "en", "price": "20.00", "num_tests": 4, "time_limit": 130, "course_description": "Unlock your potential to become an AWS Certified Solutions Architect Associate with our all-encompassing practice exam course, expertly designed to provide you with the knowledge and skills needed to thrive in cloud architecture and solutions on AWS. Ideal for both beginners and those with experience, this course dives into core AWS services, architectural best practices, and real-world cloud scenarios—equipping you to confidently pass the SAA-C03 exam and excel in an architect role on AWS.<br>\r\nIn this course, you’ll find comprehensive practice exams mirroring the SAA-C03 certification format, with 65 exam-style questions per test. Each question is crafted to solidify essential concepts around pivotal AWS services such as EC2, VPC, S3, RDS, IAM, and load balancing, ensuring you grasp both the theoretical and practical aspects of designing robust, secure, and scalable architectures within AWS environments.", "review_mode_description": "In this mode, you can view hints and explanations for each question as you go through the exam. It's a great way to learn and understand the material thoroughly.", "timed_mode_description": "This mode simulates the actual exam environment. No hints or explanations are provided during the test, allowing you to assess your readiness under exam conditions.", "practice_exam_translate": "Practice Exam", "why_this_course_stands_out": "Unlock your potential to become an AWS Certified Solutions Architect Associate with our all-encompassing practice exam course, expertly designed to provide you with the knowledge and skills needed to thrive in cloud architecture and solutions on AWS. Ideal for both beginners and those with experience, this course dives into core AWS services, architectural best practices, and real-world cloud scenarios—equipping you to confidently pass the SAA-C03 exam and excel in an architect role on AWS.<br>\r\nIn this course, you’ll find comprehensive practice exams mirroring the SAA-C03 certification format, with 65 exam-style questions per test. Each question is crafted to solidify essential concepts around pivotal AWS services such as EC2, VPC, S3, RDS, IAM, and load balancing, ensuring you grasp both the theoretical and practical aspects of designing robust, secure, and scalable architectures within AWS environments.", "what_you_will_gain": "<strong>Comprehensive, Scenario-Based Learning:</strong> Our course is designed with scenario-driven questions to help you think like an AWS solutions architect. Each question is linked to real-world applications, enhancing your ability to apply theoretical knowledge in practical, industry-relevant situations.<br>\r\n<strong>Tailored for All Experience Levels:</strong> Whether you're new to AWS or have prior experience, this course offers a structured, step-by-step approach. No AWS background is required—just a readiness to learn and a computer to start your journey.<br>\r\n<strong>Up-to-Date Content:</strong> The course is frequently updated to reflect the latest AWS services and architectural best practices, ensuring that you study the most current material aligned with AWS standards.<br>\r\n<strong>Real Exam Preparation:</strong> With 4 full-length practice exams totaling 260 questions, you'll be thoroughly prepared for the SAA-C03 exam. Each exam includes detailed explanations, helping you understand both the correct answers and why other options aren't correct.<br>\r\n<strong>High-Quality Production Values:</strong> The course features clear audio, engaging visuals, and professionally produced content, enhancing your learning experience.<br>", "course_highlights": "<strong>4 Full-Length Practice Exams:</strong> Each exam contains 65 unique, exam-style questions, designed to comprehensively cover all major topics in the SAA-C03 exam blueprint.<br>\r\n<strong>Real-World Scenarios and Case Studies:</strong> Questions are crafted around realistic scenarios, preparing you to handle actual AWS solutions architecture tasks.<br>\r\n<strong>Comprehensive Topic Coverage:</strong> Includes Identity and Access Management (IAM), Amazon S3, Elastic Compute Cloud (EC2), Virtual Private Cloud (VPC), serverless architectures (Lambda & API Gateway), and more.<br> \r\n<strong>Step-by-Step Explanations and Feedback:</strong> Each question is accompanied by a detailed explanation, reinforcing your understanding of the material and exam strategy.<br>\r\n<strong>Optimized for Retention and Success:</strong> Designed to help you retain critical concepts and techniques, with review quizzes and knowledge checks throughout.<br>", "who_should_take_this_course": "<strong>IT Beginners and Career Changers:</strong> Anyone looking to start a career in cloud computing, with no prior AWS experience required.<br>\r\n<strong>Experienced Engineers or IT Professionals:</strong> Those looking to add AWS architecture skills to their toolkit.<br>\r\n<strong>Project Managers and Consultants:</strong> Individuals managing or consulting on AWS projects who need a solid understanding of AWS cloud architecture and services capabilities.<br>", "course_requirements": "No previous AWS knowledge is required.<br>\r\nA laptop or workstation for hands-on practice.", "join_today": "With this course, you’ll gain everything you need to confidently pass the AWS Certified Solutions Architect Associate exam and advance your skills, paving the way to one of the most sought-after roles in cloud technology. Plus, with our satisfaction guarantee, you can enroll with confidence, knowing you have access to high-quality content that’s regularly updated to reflect the latest AWS advancements.", "difficulty": "Intermediate", "duration": "130 Minutes", "exam_format": "65 Multiple-Choice Questions", "number_of_practices": "4 Practice Tests"}}, {"model": "myapp.certificationpost", "pk": 13, "fields": {"title": "AWS Certified Solutions Architect Associate (한국어)", "description": "종합적인 연습과 실습 AWS 교육으로 AWS Certified Solutions Architect Associate 시험을 준비하세요.", "author": 10, "created_at": "2024-11-12T23:27:26.716Z", "updated_at": "2024-11-13T03:09:40.740Z", "image": "certifications/Practice_Exams_3.png", "image_logo": "certifications/aws_saa_logo_uAy6u2W.png", "language": "kr", "price": "10.00", "num_tests": 4, "time_limit": 130, "course_description": "종합적인 연습 시험 과정을 통해 AWS Certified Solutions Architect Associate가 될 잠재력을 발휘하세요. 이 과정은 AWS에서 클라우드 아키텍처와 솔루션에서 성공하는 데 필요한 지식과 기술을 제공하도록 전문적으로 설계되었습니다. 초보자와 경험자 모두에게 이상적인 이 과정은 핵심 AWS 서비스, 아키텍처 모범 사례, 실무 클라우드 시나리오를 다루어 SAA-C03 시험을 자신 있게 통과하고 AWS의 아키텍트 역할에서 뛰어날 수 있도록 합니다.<br> 이 과정에서는 SAA-C03 인증 형식을 반영한 종합적인 연습 시험을 찾을 수 있으며, 각 시험당 65개의 시험 스타일 질문이 포함되어 있습니다. 각 질문은 EC2, VPC, S3, RDS, IAM, 로드 밸런싱과 같은 핵심 AWS 서비스를 중심으로 필수 개념을 확고히 다지도록 제작되어 AWS 환경 내에서 견고하고 안전하며 확장 가능한 아키텍처를 설계하는 이론적 및 실무적 측면을 모두 이해할 수 있도록 보장합니다.", "review_mode_description": "이 모드에서는 시험을 진행하면서 각 문제에 대한 힌트와 설명을 볼 수 있습니다. 이는 자료를 철저히 학습하고 이해하는 훌륭한 방법입니다.", "timed_mode_description": "이 모드는 실제 시험 환경을 시뮬레이션합니다. 시험 중에는 힌트나 설명이 제공되지 않아 시험 조건에서 자신의 준비 상태를 평가할 수 있습니다.", "practice_exam_translate": "연습 시험", "why_this_course_stands_out": "<strong>종합적이고 시나리오 기반의 학습:</strong> 저희 과정은 AWS 솔루션 아키텍트처럼 생각할 수 있도록 시나리오 기반 질문으로 설계되었습니다. 각 질문은 실제 응용과 연결되어 이론적 지식을 실용적이고 산업 관련 상황에 적용하는 능력을 향상시킵니다.<br> <strong>모든 경험 수준에 맞춤:</strong> AWS를 처음 접하든 이전 경험이 있든, 이 과정은 체계적이고 단계별 접근 방식을 제공합니다. AWS 배경 지식은 필요 없으며, 학습할 의지와 시작할 컴퓨터만 있으면 됩니다.<br> <strong>최신 콘텐츠:</strong> 이 과정은 최신 AWS 서비스 및 아키텍처 모범 사례를 반영하도록 자주 업데이트되어 AWS 표준에 맞춘 최신 자료를 학습할 수 있습니다.<br> <strong>실제 시험 준비:</strong> 총 260개의 문제으로 구성된 4개의 전체 연습 시험을 통해 SAA-C03 시험에 철저히 준비할 수 있습니다. 각 시험에는 자세한 설명이 포함되어 있어 정답과 다른 선택지가 왜 틀린지 이해하는 데 도움이 됩니다.<br> <strong>고품질 제작 가치:</strong> 이 과정은 선명한 오디오, 매력적인 시각 자료, 전문적으로 제작된 콘텐츠를 특징으로 하여 학습 경험을 향상시킵니다.<br>", "what_you_will_gain": "<strong>AWS 클라우드 아키텍처 및 서비스에 대한 철저한 이해:</strong> 이 과정은 EC2, S3, VPC, RDS, Lambda와 같은 필수 AWS 서비스를 심층적으로 다루며, AWS 생태계 내에서 클라우드 아키텍처에 대한 실질적인 이해를 제공합니다.<br> <strong>실제 클라우드 솔루션 구현 기술:</strong> 시험을 통과하는 것을 넘어, 확장 가능하고 비용 효율적이며 AWS 모범 사례를 준수하는 클라우드 솔루션을 설계하고 구현하는 방법을 배워 실제 도전에 대비할 수 있습니다.<br> <strong>기술 면접에서 뛰어날 수 있는 자신감:</strong> 이 과정을 마치면 시험을 통과할 지식뿐만 아니라 AWS 솔루션 아키텍트 또는 클라우드 엔지니어와 같은 역할을 위한 기술 면접에서 자신의 능력을 발휘할 수 있는 자신감을 얻게 됩니다.<br>", "course_highlights": "<strong>4개의 전체 길이 연습 시험:</strong> 각 시험에는 SAA-C03 시험 청사진의 모든 주요 주제를 포괄적으로 다루기 위해 설계된 65개의 고유한 시험 스타일 질문이 포함되어 있습니다.<br> <strong>실제 시나리오 및 사례 연구:</strong> 질문은 현실적인 시나리오를 중심으로 제작되어 실제 AWS 솔루션 아키텍처 작업을 처리할 준비를 합니다.<br> <strong>포괄적인 주제 범위:</strong> Identity and Access Management (IAM), Amazon S3, Elastic Compute Cloud (EC2), Virtual Private Cloud (VPC), 서버리스 아키텍처(Lambda & API Gateway) 등 포함.<br> <strong>단계별 설명 및 피드백:</strong> 각 질문에는 자세한 설명이 포함되어 있어 자료와 시험 전략에 대한 이해를 강화합니다.<br> <strong>기억력과 성공을 최적화:</strong> 중요한 개념과 기술을 유지하는 데 도움이 되도록 설계되었으며, 과정 전반에 걸쳐 복습 퀴즈와 지식 점검이 포함되어 있습니다.<br>", "who_should_take_this_course": "<strong>IT 초보자 및 경력 변경자:</strong> 클라우드 컴퓨팅 분야에서 경력을 시작하려는 모든 분들께, 이전 AWS 경험은 필요하지 않습니다.<br> <strong>경험 있는 엔지니어 또는 IT 전문가:</strong> AWS 아키텍처 기술을 도구 상자에 추가하려는 분들께.<br> <strong>프로젝트 관리자 및 컨설턴트:</strong> AWS 프로젝트를 관리하거나 컨설팅하는 개인으로서 AWS 클라우드 아키텍처 및 서비스 기능에 대한 확실한 이해가 필요한 분들께.<br>", "course_requirements": "AWS에 대한 사전 지식은 필요하지 않습니다.<br> 실습을 위한 노트북 또는 워크스테이션이 필요합니다.", "join_today": "이 과정을 통해 AWS 공인 솔루션스 아키텍트 어소시에이트 시험을 자신 있게 통과하고 기술을 향상시킬 수 있으며, 클라우드 기술에서 가장 수요가 많은 역할 중 하나로 나아갈 수 있습니다. 또한, 만족 보장으로 인해 최신 AWS 발전을 반영하는 고품질 콘텐츠에 접근할 수 있다는 확신을 가지고 등록할 수 있습니다.", "difficulty": "중급", "duration": "130분", "exam_format": "65개의 객관식 질문", "number_of_practices": "4 개의 연습 시험"}}, {"model": "myapp.certificationpost", "pk": 14, "fields": {"title": "AWS Certified Solutions Architect Associate (日本語)", "description": "包括的な練習と実践的なAWSトレーニングでAWS Certified Solutions Architect Associate試験を準備しましょう。", "author": 10, "created_at": "2024-11-12T23:38:15.108Z", "updated_at": "2024-11-12T23:38:15.108Z", "image": "certifications/Practice_Exams_1.png", "image_logo": "certifications/aws_saa_logo_SzhsUzX.png", "language": "jp", "price": "3.99", "num_tests": 4, "time_limit": 130, "course_description": "私たちの包括的な練習試験コースで、AWS Certified Solutions Architect Associateになるための可能性を引き出しましょう。このコースは、クラウドアーキテクチャとAWS上のソリューションで成功するために必要な知識とスキルを提供するように専門的に設計されています。初心者から経験者までに最適なこのコースは、主要なAWSサービス、アーキテクチャのベストプラクティス、実際のクラウドシナリオに深く掘り下げ、SAA-C03試験に自信を持って合格し、AWSのアーキテクト役割で優れた成果を上げるための準備を整えます。<br> このコースでは、SAA-C03認定形式を模した包括的な練習試験を見つけることができ、各テストには65問の試験スタイルの質問が含まれています。各質問は、EC2、VPC、S3、RDS、IAM、ロードバランシングなどの重要なAWSサービスに関する基本概念を強固にするために作成されており、AWS環境内で堅牢で安全、かつスケーラブルなアーキテクチャを設計するための理論的および実践的な側面を理解することができます。", "review_mode_description": "このモードでは、試験を進める際に各質問のヒントと説明を見ることができます。これは資料を徹底的に学び、理解する素晴らしい方法です。", "timed_mode_description": "このモードは実際の試験環境をシミュレートします。試験中にはヒントや説明が提供されないため、試験条件下での準備状況を評価することができます。", "practice_exam_translate": "練習試験", "why_this_course_stands_out": "<strong>包括的でシナリオベースの学習：</strong>当コースは、AWSソリューションアーキテクトとして考えるのに役立つシナリオ駆動型の質問で設計されています。各質問は実際のアプリケーションに関連付けられており、理論的な知識を実践的で業界関連の状況に適用する能力を高めます。<br> <strong>すべての経験レベルに合わせて調整：</strong>AWSが初めての方でも、既に経験のある方でも、このコースは構造化されたステップバイステップのアプローチを提供します。AWSのバックグラウンドは必要ありません—学ぶ意欲と学習を始めるためのコンピュータがあれば十分です。<br> <strong>最新のコンテンツ：</strong>このコースは最新のAWSサービスとアーキテクチャのベストプラクティスを反映するために頻繁に更新されており、AWS基準に沿った最新の教材を学ぶことができます。<br> <strong>実際の試験準備：</strong>4つのフルレングスの練習試験（合計260問）で、SAA-C03試験に完全に準備できます。各試験には詳細な解説が含まれており、正解だけでなく他の選択肢がなぜ正しくないのかも理解するのに役立ちます。<br> <strong>高品質な制作価値：</strong>このコースは、明確な音声、魅力的なビジュアル、プロフェッショナルに制作されたコンテンツを特徴としており、学習体験を向上させます。<br>", "what_you_will_gain": "<strong>AWSクラウドアーキテクチャとサービスの徹底的な理解：</strong>このコースは、EC2、S3、VPC、RDS、Lambdaなどの重要なAWSサービスに深く掘り下げ、AWSエコシステム内でのクラウドアーキテクチャの実践的な理解を提供します。<br> <strong>実世界のクラウドソリューションを実装するスキル：</strong>試験に合格するだけでなく、スケーラブルでコスト効果が高く、AWSのベストプラクティスに準拠したクラウドソリューションを設計および実装する方法を学び、実世界の課題に備えます。<br> <strong>技術面接で優れた成果を出す自信：</strong>このコースの終わりには、試験に合格するための知識だけでなく、AWS Solutions ArchitectやCloud Engineerなどの役割における技術面接でスキルを示す自信も身につきます。<br>", "course_highlights": "<strong>4つのフルレングスの練習試験：</strong>各試験には65問のユニークな試験スタイルの質問が含まれており、SAA-C03試験ブループリントの主要なトピックを包括的にカバーするよう設計されています。<br> <strong>実世界のシナリオとケーススタディ：</strong>質問は現実的なシナリオに基づいて作成されており、実際のAWSソリューションアーキテクチャのタスクに対応できるよう準備します。<br> <strong>包括的なトピックカバレッジ：</strong>Identity and Access Management (IAM)、Amazon S3、Elastic Compute Cloud (EC2)、Virtual Private Cloud (VPC)、サーバーレスアーキテクチャ（Lambda & API Gateway）などを含みます。<br> <strong>ステップバイステップの解説とフィードバック：</strong>各質問には詳細な解説が付いており、教材と試験戦略の理解を強化します。<br> <strong>保持と成功のために最適化：</strong>重要な概念と技術を保持するのに役立つように設計されており、レビュークイズや知識チェックが随所に配置されています。<br>", "who_should_take_this_course": "<strong>IT初心者およびキャリアチェンジャー：</strong>クラウドコンピューティングのキャリアを始めたい方、AWSの経験は必要ありません。<br> <strong>経験豊富なエンジニアやITプロフェッショナル：</strong>AWSアーキテクチャスキルをツールキットに追加したい方。<br> <strong>プロジェクトマネージャーおよびコンサルタント：</strong>AWSプロジェクトを管理またはコンサルティングしている個人で、AWSクラウドアーキテクチャとサービスの能力に関する確固たる理解が必要な方。<br>", "course_requirements": "AWSの知識は必要ありません。<br> ハンズオンの練習用にラップトップまたはワークステーションが必要です。", "join_today": "このコースを通じて、AWS Certified Solutions Architect Associate試験に自信を持って合格し、スキルを向上させるために必要なすべてを習得できます。これにより、クラウド技術で最も求められている役割の一つへの道が開けます。さらに、私たちの満足保証により、最新のAWSの進歩を反映する高品質なコンテンツにアクセスできることを知って、自信を持って登録できます。", "difficulty": "中級", "duration": "130 分", "exam_format": "65 問の選択式質問", "number_of_practices": "4 つの練習試験"}}, {"model": "myapp.certificationpost", "pk": 15, "fields": {"title": "AWS Certified Solutions Architect Associate (中文)", "description": "通过全面的练习和实操的AWS培训，准备AWS Certified Solutions Architect Associate考试。", "author": 10, "created_at": "2024-11-13T03:41:19.944Z", "updated_at": "2024-11-13T03:41:19.944Z", "image": "certifications/Practice_Exams_2.png", "image_logo": "certifications/aws_saa_logo_qKcqe1m.png", "language": "cn", "price": "12.99", "num_tests": 4, "time_limit": 130, "course_description": "通过我们全面的练习考试课程，释放您成为AWS Certified Solutions Architect Associate的潜力。该课程经过专业设计，旨在为您提供在AWS云架构和解决方案中茁壮成长所需的知识和技能。无论您是初学者还是有经验者，这门课程都深入探讨了核心AWS服务、架构最佳实践和现实世界的云场景，使您能够自信地通过SAA-C03考试，并在AWS的架构师角色中表现出色。<br> 在本课程中，您将找到模仿SAA-C03认证格式的全面练习考试，每个测试包含65个考试风格的问题。每个问题都旨在巩固围绕关键AWS服务（如EC2、VPC、S3、RDS、IAM和负载均衡）的基本概念，确保您掌握在AWS环境中设计稳健、安全且可扩展架构的理论和实践方面的知识。", "review_mode_description": "在此模式下，您可以在完成考试的过程中查看每个问题的提示和解释。这是一个深入学习和理解材料的绝佳方式。", "timed_mode_description": "此模式模拟实际的考试环境。测试期间不会提供提示或解释，让您能够在考试条件下评估自己的准备情况。", "practice_exam_translate": "练习考试", "why_this_course_stands_out": "<strong>全面的基于场景的学习：</strong>我们的课程设计了基于场景的问题，帮助您像AWS解决方案架构师一样思考。每个问题都与现实世界的应用相关联，增强您将理论知识应用于实际、行业相关情境的能力。<br> <strong>适合所有经验级别：</strong>无论您是AWS新手还是有先前经验，本课程都提供了结构化的逐步方法。无需AWS背景知识——只需有学习的准备和一台电脑即可开始您的学习之旅。<br> <strong>最新的内容：</strong>课程内容经常更新，以反映最新的AWS服务和架构最佳实践，确保您学习的材料与AWS标准保持一致。<br> <strong>真实的考试准备：</strong>通过4个完整长度的练习考试，总共260个问题，您将为SAA-C03考试做好充分准备。每个考试都包含详细的解释，帮助您理解正确答案以及其他选项为何不正确。<br> <strong>高质量的制作价值：</strong>课程采用清晰的音频、引人入胜的视觉效果和专业制作的内容，提升您的学习体验。<br>", "what_you_will_gain": "<strong>AWS云架构和服务的全面理解：</strong>本课程深入探讨了关键的AWS服务，如EC2、S3、VPC、RDS和Lambda，为您提供在AWS生态系统内进行云架构的实用理解。<br> <strong>实施现实世界云解决方案的技能：</strong>不仅仅是通过考试，您还将学习设计和实施可扩展、具有成本效益并遵循AWS最佳实践的云解决方案，为现实世界的挑战做好准备。<br> <strong>在技术面试中脱颖而出的信心：</strong>完成本课程后，您不仅具备通过考试的知识，还拥有在AWS Solutions Architect或Cloud Engineer等角色的技术面试中展示您技能的信心。<br>", "course_highlights": "<strong>4个完整长度的练习考试：</strong>每个考试包含65个独特的考试风格问题，旨在全面覆盖SAA-C03考试大纲中的所有主要主题。<br> <strong>现实世界的场景和案例研究：</strong>问题围绕现实的场景设计，准备您应对实际的AWS解决方案架构任务。<br> <strong>全面的主题覆盖：</strong>包括身份与访问管理（IAM）、Amazon S3、弹性计算云（EC2）、虚拟私有云（VPC）、无服务器架构（Lambda & API Gateway）等。<br> <strong>逐步的解释和反馈：</strong>每个问题都附有详细的解释，强化您对材料和考试策略的理解。<br> <strong>优化记忆和成功：</strong>旨在帮助您保留关键概念和技术，课程中贯穿复习测验和知识检查。<br>", "who_should_take_this_course": "<strong>IT初学者和职业转换者：</strong>任何希望开始云计算职业的人，无需先前的AWS经验。<br> <strong>有经验的工程师或IT专业人士：</strong>希望将AWS架构技能添加到工具包中的人。<br> <strong>项目经理和顾问：</strong>管理或咨询AWS项目的个人，需要对AWS云架构和服务能力有扎实的理解。<br>", "course_requirements": "无需先前的AWS知识。<br> 需要一台笔记本电脑或工作站进行实操练习。", "join_today": "通过本课程，您将获得自信通过AWS Certified Solutions Architect Associate考试并提升技能所需的一切，为进入云技术最受欢迎的角色之一铺平道路。此外，凭借我们的满意保证，您可以自信地注册，知道您可以访问定期更新以反映最新AWS进展的高质量内容。", "difficulty": "中间的", "duration": "130 分钟", "exam_format": "65个选择题", "number_of_practices": "4个练习测试"}}, {"model": "myapp.certificationpost", "pk": 16, "fields": {"title": "AWS Certified Solutions Architect Associate (Português)", "description": "Prepare-se para o exame AWS Certified Solutions Architect Associate com prática abrangente e treinamento prático em AWS.", "author": 10, "created_at": "2024-11-13T03:45:39.730Z", "updated_at": "2024-11-13T03:45:39.730Z", "image": "certifications/Practice_Exams.png", "image_logo": "certifications/aws_saa_logo_ycZrwnV.png", "language": "pt", "price": "14.99", "num_tests": 4, "time_limit": 130, "course_description": "Desbloqueie seu potencial para se tornar um AWS Certified Solutions Architect Associate com nosso curso de exames práticos abrangente, projetado de forma especializada para fornecer o conhecimento e as habilidades necessárias para prosperar em arquitetura de nuvem e soluções na AWS. Ideal tanto para iniciantes quanto para aqueles com experiência, este curso aprofunda-se nos serviços principais da AWS, nas melhores práticas arquitetônicas e em cenários de nuvem do mundo real—preparando você para passar no exame SAA-C03 com confiança e se destacar em um papel de arquiteto na AWS.<br> Neste curso, você encontrará exames práticos abrangentes que refletem o formato de certificação SAA-C03, com 65 perguntas no estilo do exame por teste. Cada pergunta é elaborada para solidificar conceitos essenciais em torno de serviços AWS fundamentais como EC2, VPC, S3, RDS, IAM e balanceamento de carga, garantindo que você compreenda tanto os aspectos teóricos quanto práticos de projetar arquiteturas robustas, seguras e escaláveis dentro dos ambientes AWS.", "review_mode_description": "Neste modo, você pode visualizar dicas e explicações para cada pergunta enquanto avança no exame. É uma ótima maneira de aprender e entender o material de forma aprofundada.", "timed_mode_description": "Este modo simula o ambiente real de exame. Nenhuma dica ou explicação é fornecida durante o teste, permitindo que você avalie sua prontidão sob condições de exame.", "practice_exam_translate": "Exame prático", "why_this_course_stands_out": "<strong>Aprendizado Abrangente Baseado em Cenários:</strong> Nosso curso é projetado com perguntas baseadas em cenários para ajudar você a pensar como um arquiteto de soluções AWS. Cada pergunta está ligada a aplicações do mundo real, aprimorando sua capacidade de aplicar conhecimento teórico em situações práticas e relevantes para a indústria.<br> <strong>Adaptado para Todos os Níveis de Experiência:</strong> Seja você novo na AWS ou tenha experiência prévia, este curso oferece uma abordagem estruturada e passo a passo. Nenhum conhecimento prévio de AWS é necessário—apenas a disposição para aprender e um computador para iniciar sua jornada.<br> <strong>Conteúdo Atualizado:</strong> O curso é frequentemente atualizado para refletir os serviços AWS mais recentes e as melhores práticas arquitetônicas, garantindo que você estude o material mais atual alinhado com os padrões da AWS.<br> <strong>Preparação para o Exame Real:</strong> Com 4 exames práticos completos totalizando 260 perguntas, você estará completamente preparado para o exame SAA-C03. Cada exame inclui explicações detalhadas, ajudando você a entender tanto as respostas corretas quanto por que outras opções não estão corretas.<br> <strong>Valores de Produção de Alta Qualidade:</strong> O curso apresenta áudio claro, visuais envolventes e conteúdo produzido profissionalmente, aprimorando sua experiência de aprendizado.<br>", "what_you_will_gain": "<strong>Compreensão Completa da Arquitetura e Serviços de Nuvem AWS:</strong> Este curso mergulha nos serviços essenciais da AWS, como EC2, S3, VPC, RDS e Lambda, proporcionando a você uma compreensão prática da arquitetura de nuvem dentro do ecossistema AWS.<br> <strong>Habilidades para Implementar Soluções de Nuvem do Mundo Real:</strong> Além de passar no exame, você aprenderá a projetar e implementar soluções de nuvem que são escaláveis, econômicas e aderem às melhores práticas da AWS, preparando-o para desafios do mundo real.<br> <strong>Confiança para se Destacar em Entrevistas Técnicas:</strong> Ao final deste curso, você estará equipado não apenas com o conhecimento para passar no exame, mas também com a confiança para demonstrar suas habilidades em entrevistas técnicas para funções como AWS Solutions Architect ou Cloud Engineer.<br>", "course_highlights": "<strong>4 Exames Práticos Completos:</strong> Cada exame contém 65 perguntas únicas no estilo do exame, projetadas para cobrir de forma abrangente todos os principais tópicos no blueprint do exame SAA-C03.<br> <strong>Cenários do Mundo Real e Estudos de Caso:</strong> As perguntas são elaboradas em torno de cenários realistas, preparando você para lidar com tarefas reais de arquitetura de soluções AWS.<br> <strong>Cobertura Abrangente de Tópicos:</strong> Inclui Identity and Access Management (IAM), Amazon S3, Elastic Compute Cloud (EC2), Virtual Private Cloud (VPC), arquiteturas serverless (Lambda & API Gateway) e mais.<br> <strong>Explicações Passo a Passo e Feedback:</strong> Cada pergunta é acompanhada por uma explicação detalhada, reforçando sua compreensão do material e da estratégia de exame.<br> <strong>Otimizado para Retenção e Sucesso:</strong> Projetado para ajudar você a reter conceitos e técnicas críticos, com quizzes de revisão e verificações de conhecimento ao longo do curso.<br>", "who_should_take_this_course": "<strong>Iniciantes em TI e Mudança de Carreira:</strong> Qualquer pessoa que deseje iniciar uma carreira em computação em nuvem, sem necessidade de experiência prévia em AWS.<br> <strong>Engenheiros Experientes ou Profissionais de TI:</strong> Aqueles que desejam adicionar habilidades de arquitetura AWS ao seu conjunto de ferramentas.<br> <strong>Gerentes de Projetos e Consultores:</strong> Indivíduos que gerenciam ou consultam em projetos AWS e que precisam de uma compreensão sólida das capacidades de arquitetura e serviços de nuvem AWS.<br>", "course_requirements": "Nenhum conhecimento prévio de AWS é necessário.<br> Um laptop ou estação de trabalho para prática prática.", "join_today": "Com este curso, você obterá tudo o que precisa para passar no exame AWS Certified Solutions Architect Associate com confiança e avançar suas habilidades, abrindo caminho para um dos papéis mais procurados em tecnologia de nuvem. Além disso, com nossa garantia de satisfação, você pode se inscrever com confiança, sabendo que tem acesso a conteúdo de alta qualidade que é regularmente atualizado para refletir os avanços mais recentes da AWS.", "difficulty": "Intermediário", "duration": "130 Minutos", "exam_format": "65 questões de múltipla escolha", "number_of_practices": "4 testes práticos"}}, {"model": "myapp.certificationpost", "pk": 17, "fields": {"title": "AWS Certified Solutions Architect Associate (Français)", "description": "Préparez-vous à l'examen AWS Certified Solutions Architect Associate avec une pratique complète et une formation pratique sur AWS.", "author": 10, "created_at": "2024-11-13T03:49:32.771Z", "updated_at": "2024-11-13T03:49:32.771Z", "image": "certifications/Practice_Exams_5.png", "image_logo": "certifications/aws_saa_logo_TOkNfv5.png", "language": "fr", "price": "9.99", "num_tests": 4, "time_limit": 130, "course_description": "Libérez votre potentiel pour devenir un AWS Certified Solutions Architect Associate grâce à notre cours d'examens pratiques complet, conçu avec expertise pour vous fournir les connaissances et les compétences nécessaires pour prospérer dans l'architecture cloud et les solutions sur AWS. Idéal tant pour les débutants que pour ceux ayant de l'expérience, ce cours approfondit les services AWS essentiels, les meilleures pratiques architecturales et les scénarios cloud du monde réel—vous permettant de réussir l'examen SAA-C03 avec confiance et d'exceller dans un rôle d'architecte sur AWS.<br> Dans ce cours, vous trouverez des examens pratiques complets reflétant le format de certification SAA-C03, avec 65 questions de type examen par test. Chaque question est conçue pour renforcer les concepts essentiels autour des services AWS clés tels que EC2, VPC, S3, RDS, IAM et l'équilibrage de charge, garantissant que vous comprenez à la fois les aspects théoriques et pratiques de la conception d'architectures robustes, sécurisées et évolutives au sein des environnements AWS.", "review_mode_description": "Dans ce mode, vous pouvez afficher des indices et des explications pour chaque question au fur et à mesure que vous progressez dans l'examen. C'est une excellente façon d'apprendre et de comprendre le matériel en profondeur.", "timed_mode_description": "Ce mode simule l'environnement réel de l'examen. Aucune indication ou explication n'est fournie pendant le test, vous permettant d'évaluer votre préparation dans des conditions d'examen.", "practice_exam_translate": "Examen pratique", "why_this_course_stands_out": "<strong>Apprentissage Complet Basé sur des Scénarios :</strong> Notre cours est conçu avec des questions basées sur des scénarios pour vous aider à penser comme un architecte de solutions AWS. Chaque question est liée à des applications du monde réel, améliorant votre capacité à appliquer les connaissances théoriques dans des situations pratiques et pertinentes pour l'industrie.<br> <strong>Adapté à Tous les Niveaux d'Expérience :</strong> Que vous soyez nouveau sur AWS ou que vous ayez de l'expérience préalable, ce cours offre une approche structurée et étape par étape. Aucun arrière-plan AWS n'est requis—seulement la volonté d'apprendre et un ordinateur pour commencer votre parcours.<br> <strong>Contenu à Jour :</strong> Le cours est fréquemment mis à jour pour refléter les derniers services AWS et les meilleures pratiques architecturales, garantissant que vous étudiez le matériel le plus récent aligné avec les standards AWS.<br> <strong>Préparation Réelle à l'Examen :</strong> Avec 4 examens pratiques complets totalisant 260 questions, vous serez entièrement préparé pour l'examen SAA-C03. Chaque examen inclut des explications détaillées, vous aidant à comprendre à la fois les réponses correctes et pourquoi les autres options ne le sont pas.<br> <strong>Valeurs de Production de Haute Qualité :</strong> Le cours propose un son clair, des visuels engageants et un contenu produit professionnellement, améliorant votre expérience d'apprentissage.<br>", "what_you_will_gain": "<strong>Compréhension Approfondie de l'Architecture et des Services Cloud AWS :</strong> Ce cours approfondit les services AWS essentiels, tels que EC2, S3, VPC, RDS et Lambda, vous fournissant une compréhension pratique de l'architecture cloud au sein de l'écosystème AWS.<br> <strong>Compétences pour Mettre en Œuvre des Solutions Cloud Réelles :</strong> Au-delà de la réussite de l'examen, vous apprendrez à concevoir et à mettre en œuvre des solutions cloud évolutives, rentables et conformes aux meilleures pratiques AWS, vous préparant aux défis du monde réel.<br> <strong>Confiance pour Exceller dans les Entretiens Techniques :</strong> À la fin de ce cours, vous serez équipé non seulement des connaissances pour réussir l'examen mais aussi de la confiance nécessaire pour démontrer vos compétences lors des entretiens techniques pour des rôles tels qu'AWS Solutions Architect ou Cloud Engineer.<br>", "course_highlights": "<strong>4 Examens Pratiques Complets :</strong> Chaque examen contient 65 questions uniques de type examen, conçues pour couvrir de manière exhaustive tous les principaux sujets du plan de l'examen SAA-C03.<br> <strong>Scénarios du Monde Réel et Études de Cas :</strong> Les questions sont élaborées autour de scénarios réalistes, vous préparant à gérer des tâches réelles d'architecture de solutions AWS.<br> <strong>Couverture Complète des Sujets :</strong> Inclut Identity and Access Management (IAM), Amazon S3, Elastic Compute Cloud (EC2), Virtual Private Cloud (VPC), architectures serverless (Lambda & API Gateway), et plus encore.<br> <strong>Explications et Retours Étape par Étape :</strong> Chaque question est accompagnée d'une explication détaillée, renforçant votre compréhension du matériel et de la stratégie d'examen.<br> <strong>Optimisé pour la Rétention et le Succès :</strong> Conçu pour vous aider à retenir les concepts et techniques critiques, avec des quiz de révision et des vérifications de connaissances tout au long du cours.<br>", "who_should_take_this_course": "<strong>Débutants en Informatique et Changement de Carrière :</strong> Toute personne souhaitant débuter une carrière dans le cloud computing, sans expérience préalable sur AWS.<br> <strong>Ingénieurs Expérimentés ou Professionnels de l'IT :</strong> Ceux qui cherchent à ajouter des compétences en architecture AWS à leur boîte à outils.<br> <strong>Chefs de Projet et Consultants :</strong> Individus gérant ou consultant sur des projets AWS qui ont besoin d'une compréhension solide des capacités d'architecture et des services cloud AWS.<br>", "course_requirements": "Aucune connaissance préalable d'AWS n'est requise.<br> Un ordinateur portable ou une station de travail pour la pratique pratique.", "join_today": "Avec ce cours, vous obtiendrez tout ce dont vous avez besoin pour réussir avec confiance l'examen AWS Certified Solutions Architect Associate et faire progresser vos compétences, ouvrant la voie à l'un des rôles les plus recherchés dans la technologie cloud. De plus, avec notre garantie de satisfaction, vous pouvez vous inscrire en toute confiance, sachant que vous avez accès à un contenu de haute qualité régulièrement mis à jour pour refléter les dernières avancées d'AWS.", "difficulty": "Intermédiaire", "duration": "130 Minutes", "exam_format": "65 Questions à Choix Multiples", "number_of_practices": "4 Examens Pratiques"}}, {"model": "myapp.certificationpost", "pk": 18, "fields": {"title": "AWS Certified Solutions Architect Associate (Deutsch)", "description": "Bereiten Sie sich mit umfassender Praxis und praktischer AWS-Schulung auf die AWS Certified Solutions Architect Associate-Prüfung vor.", "author": 10, "created_at": "2024-11-13T03:59:11.897Z", "updated_at": "2024-11-13T03:59:11.897Z", "image": "certifications/Practice_Exams_7.png", "image_logo": "certifications/aws_saa_logo_dkBoord.png", "language": "de", "price": "12.99", "num_tests": 4, "time_limit": 130, "course_description": "Entfalten Sie Ihr Potenzial, AWS Certified Solutions Architect Associate zu werden, mit unserem umfassenden Übungskurs für Prüfungen, der fachmännisch gestaltet wurde, um Ihnen das Wissen und die Fähigkeiten zu vermitteln, die Sie benötigen, um in der Cloud-Architektur und in Lösungen auf AWS erfolgreich zu sein. Ideal sowohl für Anfänger als auch für erfahrene Anwender vertieft dieser Kurs die Kernservices von AWS, architektonische Best Practices und praxisnahe Cloud-Szenarien – damit Sie die SAA-C03-Prüfung mit Vertrauen bestehen und in einer Architektenrolle bei AWS hervorragende Leistungen erbringen können.<br> In diesem Kurs finden Sie umfassende Übungsprüfungen, die dem SAA-C03-Zertifizierungsformat entsprechen, mit jeweils 65 prüfungsähnlichen Fragen pro Test. Jede Frage ist darauf ausgelegt, wesentliche Konzepte rund um zentrale AWS-Services wie EC2, VPC, S3, RDS, IAM und Lastenausgleich zu festigen, sodass Sie sowohl die theoretischen als auch die praktischen Aspekte der Gestaltung robuster, sicherer und skalierbarer Architekturen innerhalb von AWS-Umgebungen verstehen.<br>", "review_mode_description": "In diesem Modus können Sie während der Prüfung Hinweise und Erklärungen zu jeder Frage anzeigen. Es ist eine großartige Möglichkeit, das Material gründlich zu lernen und zu verstehen.", "timed_mode_description": "Dieser Modus simuliert die tatsächliche Prüfungssituation. Während des Tests werden keine Hinweise oder Erklärungen bereitgestellt, sodass Sie Ihre Bereitschaft unter Prüfungsbedingungen bewerten können.", "practice_exam_translate": "Übungsprüfung", "why_this_course_stands_out": "<strong>Umfassendes, szenariobasiertes Lernen:</strong> Unser Kurs ist mit szenariobasierten Fragen gestaltet, die Ihnen helfen, wie ein AWS-Lösungsarchitekt zu denken. Jede Frage ist mit realen Anwendungen verknüpft, wodurch Ihre Fähigkeit verbessert wird, theoretisches Wissen in praktischen, branchenspezifischen Situationen anzuwenden.<br> <strong>Angepasst für alle Erfahrungsstufen:</strong> Egal, ob Sie neu bei AWS sind oder bereits Erfahrung haben, dieser Kurs bietet einen strukturierten, schrittweisen Ansatz. Kein AWS-Hintergrund erforderlich – nur die Bereitschaft zu lernen und ein Computer, um Ihre Reise zu beginnen.<br> <strong>Aktuelle Inhalte:</strong> Der Kurs wird häufig aktualisiert, um die neuesten AWS-Services und architektonischen Best Practices widerzuspiegeln, sodass Sie das aktuellste Material studieren, das den AWS-Standards entspricht.<br> <strong>Echte Prüfungs Vorbereitung:</strong> Mit 4 vollständigen Übungsprüfungen insgesamt 260 Fragen sind Sie gründlich auf die SAA-C03-Prüfung vorbereitet. Jede Prüfung enthält detaillierte Erklärungen, die Ihnen helfen, sowohl die richtigen Antworten als auch die Gründe, warum andere Optionen nicht korrekt sind, zu verstehen.<br> <strong>Hochwertige Produktionswerte:</strong> Der Kurs bietet klare Audioqualität, ansprechende visuelle Elemente und professionell erstellte Inhalte, die Ihr Lernerlebnis verbessern.<br>", "what_you_will_gain": "<strong>Gründliches Verständnis der AWS-Cloud-Architektur und -Services:</strong> Dieser Kurs vertieft sich in wesentliche AWS-Services wie EC2, S3, VPC, RDS und Lambda und vermittelt Ihnen ein praktisches Verständnis der Cloud-Architektur innerhalb des AWS-Ökosystems.<br> <strong>Fähigkeiten zur Umsetzung realer Cloud-Lösungen:</strong> Über das Bestehen der Prüfung hinaus lernen Sie, Cloud-Lösungen zu entwerfen und umzusetzen, die skalierbar, kosteneffektiv und an AWS Best Practices orientiert sind, um Sie auf reale Herausforderungen vorzubereiten.<br> <strong>Selbstvertrauen, um in technischen Interviews zu glänzen:</strong> Am Ende dieses Kurses sind Sie nicht nur mit dem Wissen ausgestattet, die Prüfung zu bestehen, sondern auch mit dem Selbstvertrauen, Ihre Fähigkeiten in technischen Interviews für Rollen wie AWS Solutions Architect oder Cloud Engineer zu demonstrieren.<br>", "course_highlights": "<strong>4 vollständige Übungsprüfungen:</strong> Jede Prüfung enthält 65 einzigartige, prüfungsähnliche Fragen, die darauf ausgelegt sind, alle wichtigen Themen im SAA-C03-Prüfungsplan umfassend abzudecken.<br> <strong>Realitätsnahe Szenarien und Fallstudien:</strong> Die Fragen sind um realistische Szenarien herum gestaltet, um Sie darauf vorzubereiten, tatsächliche AWS-Lösungsarchitekturaufgaben zu bewältigen.<br> <strong>Umfassende Themenabdeckung:</strong> Umfasst Identity and Access Management (IAM), Amazon S3, Elastic Compute Cloud (EC2), Virtual Private Cloud (VPC), serverlose Architekturen (Lambda & API Gateway) und mehr.<br> <strong>Schritt-für-Schritt-Erklärungen und Feedback:</strong> Jede Frage wird von einer detaillierten Erklärung begleitet, die Ihr Verständnis des Materials und der Prüfungsstrategie verstärkt.<br> <strong>Optimiert für Behaltensleistung und Erfolg:</strong> Entwickelt, um Ihnen zu helfen, kritische Konzepte und Techniken zu behalten, mit Überprüfungsquizzen und Wissenschecks im gesamten Kurs.<br>", "who_should_take_this_course": "<strong>IT-Anfänger und Berufsumsteiger:</strong> Jeder, der eine Karriere im Cloud-Computing starten möchte, ohne vorherige AWS-Erfahrung.<br> <strong>Erfahrene Ingenieure oder IT-Profis:</strong> Personen, die AWS-Architekturfähigkeiten zu ihrem Werkzeugkasten hinzufügen möchten.<br> <strong>Projektmanager und Berater:</strong> Einzelpersonen, die AWS-Projekte verwalten oder beraten und ein solides Verständnis der AWS-Cloud-Architektur und der Service-Fähigkeiten benötigen.<br>", "course_requirements": "Keine vorherigen AWS-Kenntnisse erforderlich.<br> Ein Laptop oder Arbeitsplatz für praktische Übungen.", "join_today": "Mit diesem Kurs erhalten Sie alles, was Sie benötigen, um die AWS Certified Solutions Architect Associate-Prüfung mit Vertrauen zu bestehen und Ihre Fähigkeiten weiterzuentwickeln, wodurch Sie den Weg zu einer der begehrtesten Rollen in der Cloud-Technologie ebnen. Außerdem können Sie sich mit unserer Zufriedenheitsgarantie sicher anmelden, da Sie Zugang zu hochwertigen Inhalten haben, die regelmäßig aktualisiert werden, um die neuesten AWS-Entwicklungen widerzuspiegeln.", "difficulty": "Intermediär", "duration": "130 Minuten", "exam_format": "65 Multiple-Choice Fragen", "number_of_practices": "4 Praxisprüfungen"}}, {"model": "myapp.certificationpost", "pk": 19, "fields": {"title": "AWS Certified Solutions Architect Associate (Italiano)", "description": "Preparati per l'esame AWS Certified Solutions Architect Associate con pratica completa e formazione pratica su AWS.", "author": 10, "created_at": "2024-11-13T04:04:02.905Z", "updated_at": "2024-11-13T04:06:38.122Z", "image": "certifications/Practice_Exams_6.png", "image_logo": "certifications/aws_saa_logo_XQvOhHm.png", "language": "it", "price": "5.99", "num_tests": 4, "time_limit": 130, "course_description": "Sblocca il tuo potenziale per diventare un AWS Certified Solutions Architect Associate con il nostro corso completo di esami pratici, progettato con competenza per fornirti le conoscenze e le competenze necessarie per prosperare nell'architettura cloud e nelle soluzioni su AWS. Ideale sia per principianti che per chi ha esperienza, questo corso approfondisce i servizi principali di AWS, le migliori pratiche architettoniche e scenari cloud reali—equipaggiandoti per superare con fiducia l'esame SAA-C03 e eccellere in un ruolo di architetto su AWS.<br> In questo corso, troverai esami pratici completi che riflettono il formato di certificazione SAA-C03, con 65 domande in stile esame per test. Ogni domanda è creata per consolidare concetti essenziali attorno a servizi AWS fondamentali come EC2, VPC, S3, RDS, IAM e bilanciamento del carico, assicurando che tu comprenda sia gli aspetti teorici che pratici della progettazione di architetture robuste, sicure e scalabili all'interno degli ambienti AWS.", "review_mode_description": "In questa modalità, puoi visualizzare suggerimenti e spiegazioni per ogni domanda mentre procedi nell'esame. È un ottimo modo per imparare e comprendere a fondo il materiale.", "timed_mode_description": "Questa modalità simula l'ambiente reale dell'esame. Nessun suggerimento o spiegazione viene fornito durante il test, permettendoti di valutare la tua preparazione in condizioni di esame.", "practice_exam_translate": "Esame pratico", "why_this_course_stands_out": "<strong>Apprendimento Completo Basato su Scenari:</strong> Il nostro corso è progettato con domande basate su scenari per aiutarti a pensare come un architetto di soluzioni AWS. Ogni domanda è collegata ad applicazioni reali, migliorando la tua capacità di applicare conoscenze teoriche in situazioni pratiche e rilevanti per l'industria.<br> <strong>Adattato per Tutti i Livelli di Esperienza:</strong> Che tu sia nuovo su AWS o abbia esperienza pregressa, questo corso offre un approccio strutturato e passo dopo passo. Non è richiesta alcuna conoscenza pregressa di AWS—solo la volontà di imparare e un computer per iniziare il tuo percorso.<br> <strong>Contenuti Aggiornati:</strong> Il corso viene frequentemente aggiornato per riflettere i più recenti servizi AWS e le migliori pratiche architettoniche, assicurando che tu studi il materiale più attuale allineato con gli standard AWS.<br> <strong>Preparazione Reale all'Esame:</strong> Con 4 esami pratici completi per un totale di 260 domande, sarai completamente preparato per l'esame SAA-C03. Ogni esame include spiegazioni dettagliate, aiutandoti a comprendere sia le risposte corrette sia il motivo per cui le altre opzioni non lo sono.<br> <strong>Valori di Produzione di Alta Qualità:</strong> Il corso presenta audio chiaro, elementi visivi coinvolgenti e contenuti prodotti professionalmente, migliorando la tua esperienza di apprendimento.<br>", "what_you_will_gain": "<strong>Comprensione Approfondita dell'Architettura Cloud e dei Servizi AWS:</strong> Questo corso approfondisce i servizi essenziali di AWS, come EC2, S3, VPC, RDS e Lambda, fornendoti una comprensione pratica dell'architettura cloud all'interno dell'ecosistema AWS.<br> <strong>Competenze per Implementare Soluzioni Cloud Reali:</strong> Oltre a superare l'esame, imparerai a progettare e implementare soluzioni cloud scalabili, economiche e aderenti alle migliori pratiche AWS, preparandoti per le sfide del mondo reale.<br> <strong>Confidenza per Eccellere nei Colloqui Tecnici:</strong> Alla fine di questo corso, sarai equipaggiato non solo con le conoscenze per superare l'esame ma anche con la confidenza per dimostrare le tue competenze nei colloqui tecnici per ruoli come AWS Solutions Architect o Cloud Engineer.<br>", "course_highlights": "<strong>4 Esami Pratici Completi:</strong> Ogni esame contiene 65 domande uniche in stile esame, progettate per coprire in modo esaustivo tutti i principali argomenti nel blueprint dell'esame SAA-C03.<br> <strong>Scenari Reali e Studi di Caso:</strong> Le domande sono create attorno a scenari realistici, preparandoti a gestire compiti reali di architettura delle soluzioni AWS.<br> <strong>Copertura Completa degli Argomenti:</strong> Include Identity and Access Management (IAM), Amazon S3, Elastic Compute Cloud (EC2), Virtual Private Cloud (VPC), architetture serverless (Lambda & API Gateway) e altro.<br> <strong>Spiegazioni Passo Dopo Passo e Feedback:</strong> Ogni domanda è accompagnata da una spiegazione dettagliata, rafforzando la tua comprensione del materiale e della strategia d'esame.<br> <strong>Ottimizzato per la Ritenzione e il Successo:</strong> Progettato per aiutarti a trattenere concetti e tecniche critici, con quiz di revisione e verifiche delle conoscenze lungo tutto il corso.<br>", "who_should_take_this_course": "<strong>Principianti in IT e Cambiatori di Carriera:</strong> Chiunque desideri iniziare una carriera nel cloud computing, senza necessità di esperienza pregressa in AWS.<br> <strong>Ingegneri Esperti o Professionisti IT:</strong> Chi cerca di aggiungere competenze in architettura AWS al proprio set di strumenti.<br> <strong>Project Manager e Consulenti:</strong> Individui che gestiscono o fanno consulenze su progetti AWS e che necessitano di una solida comprensione delle capacità di architettura cloud e dei servizi AWS.<br>", "course_requirements": "Non è richiesta alcuna conoscenza pregressa di AWS.<br> Un laptop o una workstation per la pratica pratica.", "join_today": "Con questo corso, otterrai tutto ciò di cui hai bisogno per superare con fiducia l'esame AWS Certified Solutions Architect Associate e avanzare le tue competenze, aprendo la strada a uno dei ruoli più ricercati nella tecnologia cloud. Inoltre, con la nostra garanzia di soddisfazione, puoi iscriverti con fiducia, sapendo di avere accesso a contenuti di alta qualità che vengono regolarmente aggiornati per riflettere i più recenti progressi di AWS.", "difficulty": "Intermedio", "duration": "130 Minuti", "exam_format": "65 Domande a Scelta Multipla", "number_of_practices": "4 Esami Pratici"}}, {"model": "myapp.certificationpost", "pk": 20, "fields": {"title": "AWS Certified Solutions Architect Associate (Español)", "description": "Preparati per l'esame AWS Certified Solutions Architect Associate con pratica completa e formazione pratica su AWS.", "author": 10, "created_at": "2024-11-13T04:10:46.302Z", "updated_at": "2024-11-13T23:15:03.364Z", "image": "certifications/Practice_Exams_4_d8ZHBZj.png", "image_logo": "certifications/aws_saa_logo_tXjLbxT.png", "language": "es", "price": "15.99", "num_tests": 4, "time_limit": 130, "course_description": "Sblocca il tuo potenziale per diventare un AWS Certified Solutions Architect Associate con il nostro corso completo di esami pratici, progettato con competenza per fornirti le conoscenze e le competenze necessarie per prosperare nell'architettura cloud e nelle soluzioni su AWS. Ideale sia per principianti che per chi ha esperienza, questo corso approfondisce i servizi principali di AWS, le migliori pratiche architettoniche e scenari cloud reali—equipaggiandoti per superare con fiducia l'esame SAA-C03 e eccellere in un ruolo di architetto su AWS.<br> In questo corso, troverai esami pratici completi che riflettono il formato di certificazione SAA-C03, con 65 domande in stile esame per test. Ogni domanda è creata per consolidare concetti essenziali attorno a servizi AWS fondamentali come EC2, VPC, S3, RDS, IAM e bilanciamento del carico, assicurando che tu comprenda sia gli aspetti teorici che pratici della progettazione di architetture robuste, sicure e scalabili all'interno degli ambienti AWS.", "review_mode_description": "In questa modalità, puoi visualizzare suggerimenti e spiegazioni per ogni domanda mentre procedi nell'esame. È un ottimo modo per imparare e comprendere a fondo il materiale.", "timed_mode_description": "Questa modalità simula l'ambiente reale dell'esame. Nessun suggerimento o spiegazione viene fornito durante il test, permettendoti di valutare la tua preparazione in condizioni di esame.", "practice_exam_translate": "Examen de práctica", "why_this_course_stands_out": "<strong>Apprendimento Completo Basato su Scenari:</strong> Il nostro corso è progettato con domande basate su scenari per aiutarti a pensare come un architetto di soluzioni AWS. Ogni domanda è collegata ad applicazioni reali, migliorando la tua capacità di applicare conoscenze teoriche in situazioni pratiche e rilevanti per l'industria.<br> <strong>Adattato per Tutti i Livelli di Esperienza:</strong> Che tu sia nuovo su AWS o abbia esperienza pregressa, questo corso offre un approccio strutturato e passo dopo passo. Non è richiesta alcuna conoscenza pregressa di AWS—solo la volontà di imparare e un computer per iniziare il tuo percorso.<br> <strong>Contenuti Aggiornati:</strong> Il corso viene frequentemente aggiornato per riflettere i più recenti servizi AWS e le migliori pratiche architettoniche, assicurando che tu studi il materiale più attuale allineato con gli standard AWS.<br> <strong>Preparazione Reale all'Esame:</strong> Con 4 esami pratici completi per un totale di 260 domande, sarai completamente preparato per l'esame SAA-C03. Ogni esame include spiegazioni dettagliate, aiutandoti a comprendere sia le risposte corrette sia il motivo per cui le altre opzioni non lo sono.<br> <strong>Valori di Produzione di Alta Qualità:</strong> Il corso presenta audio chiaro, elementi visivi coinvolgenti e contenuti prodotti professionalmente, migliorando la tua esperienza di apprendimento.<br>", "what_you_will_gain": "<strong>Comprensione Approfondita dell'Architettura Cloud e dei Servizi AWS:</strong> Questo corso approfondisce i servizi essenziali di AWS, come EC2, S3, VPC, RDS e Lambda, fornendoti una comprensione pratica dell'architettura cloud all'interno dell'ecosistema AWS.<br> <strong>Competenze per Implementare Soluzioni Cloud Reali:</strong> Oltre a superare l'esame, imparerai a progettare e implementare soluzioni cloud scalabili, economiche e aderenti alle migliori pratiche AWS, preparandoti per le sfide del mondo reale.<br> <strong>Confidenza per Eccellere nei Colloqui Tecnici:</strong> Alla fine di questo corso, sarai equipaggiato non solo con le conoscenze per superare l'esame ma anche con la confidenza per dimostrare le tue competenze nei colloqui tecnici per ruoli come AWS Solutions Architect o Cloud Engineer.<br>", "course_highlights": "<strong>4 Esami Pratici Completi:</strong> Ogni esame contiene 65 domande uniche in stile esame, progettate per coprire in modo esaustivo tutti i principali argomenti nel blueprint dell'esame SAA-C03.<br> <strong>Scenari Reali e Studi di Caso:</strong> Le domande sono create attorno a scenari realistici, preparandoti a gestire compiti reali di architettura delle soluzioni AWS.<br> <strong>Copertura Completa degli Argomenti:</strong> Include Identity and Access Management (IAM), Amazon S3, Elastic Compute Cloud (EC2), Virtual Private Cloud (VPC), architetture serverless (Lambda & API Gateway) e altro.<br> <strong>Spiegazioni Passo Dopo Passo e Feedback:</strong> Ogni domanda è accompagnata da una spiegazione dettagliata, rafforzando la tua comprensione del materiale e della strategia d'esame.<br> <strong>Ottimizzato per la Ritenzione e il Successo:</strong> Progettato per aiutarti a trattenere concetti e tecniche critici, con quiz di revisione e verifiche delle conoscenze lungo tutto il corso.<br>", "who_should_take_this_course": "<strong>Principianti in IT e Cambiatori di Carriera:</strong> Chiunque desideri iniziare una carriera nel cloud computing, senza necessità di esperienza pregressa in AWS.<br> <strong>Ingegneri Esperti o Professionisti IT:</strong> Chi cerca di aggiungere competenze in architettura AWS al proprio set di strumenti.<br> <strong>Project Manager e Consulenti:</strong> Individui che gestiscono o fanno consulenze su progetti AWS e che necessitano di una solida comprensione delle capacità di architettura cloud e dei servizi AWS.<br>", "course_requirements": "Non è richiesta alcuna conoscenza pregressa di AWS.<br> Un laptop o una workstation per la pratica pratica.", "join_today": "Con questo corso, otterrai tutto ciò di cui hai bisogno per superare con fiducia l'esame AWS Certified Solutions Architect Associate e avanzare le tue competenze, aprendo la strada a uno dei ruoli più ricercati nella tecnologia cloud. Inoltre, con la nostra garanzia di soddisfazione, puoi iscriverti con fiducia, sapendo di avere accesso a contenuti di alta qualità che vengono regolarmente aggiornati per riflettere i più recenti progressi di AWS.", "difficulty": "Intermedio", "duration": "130 Minuti", "exam_format": "65 Domande a Scelta Multipla", "number_of_practices": "4 Esami Pratici"}}, {"model": "myapp.certificationtest", "pk": 1, "fields": {"certification_post": 7, "test_number": 1, "json_file_path": "exams/aws_aif_english1.json"}}, {"model": "myapp.certificationtest", "pk": 2, "fields": {"certification_post": 7, "test_number": 2, "json_file_path": "exams/aws_aif_english2.json"}}, {"model": "myapp.certificationtest", "pk": 3, "fields": {"certification_post": 7, "test_number": 3, "json_file_path": "exams/aws_aif_english3.json"}}, {"model": "myapp.certificationtest", "pk": 4, "fields": {"certification_post": 7, "test_number": 4, "json_file_path": "exams/aws_aif_english4.json"}}, {"model": "myapp.certificationtest", "pk": 5, "fields": {"certification_post": 8, "test_number": 1, "json_file_path": "exams/aws_aif_korean1.json"}}, {"model": "myapp.certificationtest", "pk": 6, "fields": {"certification_post": 8, "test_number": 2, "json_file_path": "exams/aws_aif_korean2.json"}}, {"model": "myapp.certificationtest", "pk": 7, "fields": {"certification_post": 8, "test_number": 3, "json_file_path": "exams/aws_aif_korean3.json"}}, {"model": "myapp.certificationtest", "pk": 8, "fields": {"certification_post": 8, "test_number": 4, "json_file_path": "exams/aws_aif_korean4.json"}}, {"model": "myapp.certificationtest", "pk": 9, "fields": {"certification_post": 9, "test_number": 1, "json_file_path": "exams/aws_aif_chinese1.json"}}, {"model": "myapp.certificationtest", "pk": 10, "fields": {"certification_post": 9, "test_number": 2, "json_file_path": "exams/aws_aif_chinese2.json"}}, {"model": "myapp.certificationtest", "pk": 11, "fields": {"certification_post": 9, "test_number": 3, "json_file_path": "exams/aws_aif_chinese3.json"}}, {"model": "myapp.certificationtest", "pk": 12, "fields": {"certification_post": 9, "test_number": 4, "json_file_path": "exams/aws_aif_chinese4.json"}}, {"model": "myapp.certificationtest", "pk": 13, "fields": {"certification_post": 11, "test_number": 1, "json_file_path": "exams/aws_aif_japanese1.json"}}, {"model": "myapp.certificationtest", "pk": 14, "fields": {"certification_post": 11, "test_number": 2, "json_file_path": "exams/aws_aif_japanese2.json"}}, {"model": "myapp.certificationtest", "pk": 15, "fields": {"certification_post": 11, "test_number": 3, "json_file_path": "exams/aws_aif_japanese3.json"}}, {"model": "myapp.certificationtest", "pk": 16, "fields": {"certification_post": 11, "test_number": 4, "json_file_path": "exams/aws_aif_japanese4.json"}}, {"model": "myapp.certificationtest", "pk": 17, "fields": {"certification_post": 10, "test_number": 1, "json_file_path": "exams/aws_aif_portuguese1.json"}}, {"model": "myapp.certificationtest", "pk": 18, "fields": {"certification_post": 10, "test_number": 2, "json_file_path": "exams/aws_aif_portuguese2.json"}}, {"model": "myapp.certificationtest", "pk": 19, "fields": {"certification_post": 10, "test_number": 3, "json_file_path": "exams/aws_aif_portuguese3.json"}}, {"model": "myapp.certificationtest", "pk": 20, "fields": {"certification_post": 10, "test_number": 4, "json_file_path": "exams/aws_aif_portuguese4.json"}}, {"model": "myapp.certificationtest", "pk": 21, "fields": {"certification_post": 12, "test_number": 1, "json_file_path": "exams/aws_saa_english1.json"}}, {"model": "myapp.certificationtest", "pk": 22, "fields": {"certification_post": 12, "test_number": 2, "json_file_path": "exams/aws_saa_english2.json"}}, {"model": "myapp.certificationtest", "pk": 23, "fields": {"certification_post": 12, "test_number": 3, "json_file_path": "exams/aws_saa_english3.json"}}, {"model": "myapp.certificationtest", "pk": 24, "fields": {"certification_post": 12, "test_number": 4, "json_file_path": "exams/aws_saa_english4.json"}}, {"model": "myapp.certificationtest", "pk": 25, "fields": {"certification_post": 13, "test_number": 1, "json_file_path": "exams/aws_saa_korean1.json"}}, {"model": "myapp.certificationtest", "pk": 26, "fields": {"certification_post": 13, "test_number": 2, "json_file_path": "exams/aws_saa_korean2.json"}}, {"model": "myapp.certificationtest", "pk": 27, "fields": {"certification_post": 13, "test_number": 3, "json_file_path": "exams/aws_saa_korean4.json"}}, {"model": "myapp.certificationtest", "pk": 28, "fields": {"certification_post": 13, "test_number": 4, "json_file_path": "exams/aws_saa_korean4.json"}}, {"model": "myapp.certificationtest", "pk": 29, "fields": {"certification_post": 15, "test_number": 1, "json_file_path": "exams/aws_saa_chinese1.json"}}, {"model": "myapp.certificationtest", "pk": 30, "fields": {"certification_post": 15, "test_number": 2, "json_file_path": "exams/aws_saa_chinese2.json"}}, {"model": "myapp.certificationtest", "pk": 31, "fields": {"certification_post": 15, "test_number": 3, "json_file_path": "exams/aws_saa_chinese3.json"}}, {"model": "myapp.certificationtest", "pk": 32, "fields": {"certification_post": 15, "test_number": 4, "json_file_path": "exams/aws_saa_chinese4.json"}}, {"model": "myapp.certificationtest", "pk": 33, "fields": {"certification_post": 14, "test_number": 1, "json_file_path": "exams/aws_saa_japanese1.json"}}, {"model": "myapp.certificationtest", "pk": 34, "fields": {"certification_post": 14, "test_number": 2, "json_file_path": "exams/aws_saa_japanese2.json"}}, {"model": "myapp.certificationtest", "pk": 35, "fields": {"certification_post": 14, "test_number": 3, "json_file_path": "exams/aws_saa_japanese3.json"}}, {"model": "myapp.certificationtest", "pk": 36, "fields": {"certification_post": 14, "test_number": 4, "json_file_path": "exams/aws_saa_japanese4.json"}}, {"model": "myapp.certificationtest", "pk": 37, "fields": {"certification_post": 16, "test_number": 1, "json_file_path": "exams/aws_saa_portuguese1.json"}}, {"model": "myapp.certificationtest", "pk": 38, "fields": {"certification_post": 16, "test_number": 2, "json_file_path": "exams/aws_saa_portuguese2.json"}}, {"model": "myapp.certificationtest", "pk": 39, "fields": {"certification_post": 16, "test_number": 3, "json_file_path": "exams/aws_saa_portuguese3.json"}}, {"model": "myapp.certificationtest", "pk": 40, "fields": {"certification_post": 16, "test_number": 4, "json_file_path": "exams/aws_saa_portuguese4.json"}}, {"model": "myapp.certificationtest", "pk": 41, "fields": {"certification_post": 18, "test_number": 1, "json_file_path": "exams/aws_saa_german1.json"}}, {"model": "myapp.certificationtest", "pk": 42, "fields": {"certification_post": 18, "test_number": 2, "json_file_path": "exams/aws_saa_german2.json"}}, {"model": "myapp.certificationtest", "pk": 43, "fields": {"certification_post": 18, "test_number": 3, "json_file_path": "exams/aws_saa_german3.json"}}, {"model": "myapp.certificationtest", "pk": 44, "fields": {"certification_post": 18, "test_number": 4, "json_file_path": "exams/aws_saa_german4.json"}}, {"model": "myapp.certificationtest", "pk": 45, "fields": {"certification_post": 19, "test_number": 1, "json_file_path": "exams/aws_saa_italian1.json"}}, {"model": "myapp.certificationtest", "pk": 46, "fields": {"certification_post": 19, "test_number": 2, "json_file_path": "exams/aws_saa_italian2.json"}}, {"model": "myapp.certificationtest", "pk": 47, "fields": {"certification_post": 19, "test_number": 3, "json_file_path": "exams/aws_saa_italian3.json"}}, {"model": "myapp.certificationtest", "pk": 48, "fields": {"certification_post": 19, "test_number": 4, "json_file_path": "exams/aws_saa_italian4.json"}}, {"model": "myapp.certificationtest", "pk": 49, "fields": {"certification_post": 17, "test_number": 1, "json_file_path": "exams/aws_saa_french1.json"}}, {"model": "myapp.certificationtest", "pk": 50, "fields": {"certification_post": 17, "test_number": 2, "json_file_path": "exams/aws_saa_french2.json"}}, {"model": "myapp.certificationtest", "pk": 51, "fields": {"certification_post": 17, "test_number": 3, "json_file_path": "exams/aws_saa_french3.json"}}, {"model": "myapp.certificationtest", "pk": 52, "fields": {"certification_post": 17, "test_number": 4, "json_file_path": "exams/aws_saa_french4.json"}}, {"model": "myapp.certificationtest", "pk": 53, "fields": {"certification_post": 20, "test_number": 1, "json_file_path": "exams/aws_saa_spanish1.json"}}, {"model": "myapp.certificationtest", "pk": 54, "fields": {"certification_post": 20, "test_number": 2, "json_file_path": "exams/aws_saa_spanish2.json"}}, {"model": "myapp.certificationtest", "pk": 55, "fields": {"certification_post": 20, "test_number": 3, "json_file_path": "exams/aws_saa_spanish3.json"}}, {"model": "myapp.certificationtest", "pk": 56, "fields": {"certification_post": 20, "test_number": 4, "json_file_path": "exams/aws_saa_spanish4.json"}}, {"model": "myapp.cart", "pk": 29, "fields": {"user": 10, "post": 10, "added_at": "2024-11-11T19:04:07.393Z"}}, {"model": "myapp.purchasedcourse", "pk": 26, "fields": {"user": 10, "course": 7, "purchased_at": "2024-11-08T21:04:29.903Z", "stripe_transaction_id": "cs_test_a1nk8aiirbkJ5TVoOkR4cFJXJQ9wuwra9LU3TeJtkMr7SNd0TzegVSyC0Z", "completed_exams": {"exam_1": ["timed", "review"], "exam_2": ["timed"], "exam_3": ["timed", "review"], "exam_4": ["review", "timed"]}}}, {"model": "myapp.purchasedcourse", "pk": 27, "fields": {"user": 10, "course": 9, "purchased_at": "2024-11-09T21:14:24.912Z", "stripe_transaction_id": "cs_test_a1FWuYRStRSHdIkoctp8aKQFv53lAvgCzk1S4Jm7OUSzJxx7apq8nYo1kt", "completed_exams": {"exam_1": ["review", "timed"], "exam_2": ["review", "timed"], "exam_3": ["timed"]}}}, {"model": "myapp.purchasedcourse", "pk": 28, "fields": {"user": 10, "course": 11, "purchased_at": "2024-11-11T18:55:32.981Z", "stripe_transaction_id": "cs_test_a158MB3O3c4cWbtCWMaBRT6ztGTUXEs2HxF6hd1NToImE6UKhjybxOdHqI", "completed_exams": {"exam_3": ["review"]}}}, {"model": "myapp.purchasedcourse", "pk": 29, "fields": {"user": 10, "course": 12, "purchased_at": "2024-11-12T23:00:40.377Z", "stripe_transaction_id": "cs_test_a1AHe3smGznw83VRrNqYrheFLMQWivvSm6R3UIJZ7U9HEkzGgv6jXAkyQr", "completed_exams": {"exam_1": ["review"]}}}, {"model": "myapp.purchasedcourse", "pk": 30, "fields": {"user": 10, "course": 13, "purchased_at": "2024-11-13T03:10:13.455Z", "stripe_transaction_id": "cs_test_a1aWSk7kSHb1yP3nSNhDLNAKK4xR0dLy2q4pFpN3ftEz457l3jcb6gtg1S", "completed_exams": {}}}, {"model": "myapp.purchasedcourse", "pk": 31, "fields": {"user": 10, "course": 15, "purchased_at": "2024-11-13T04:14:43.159Z", "stripe_transaction_id": "cs_test_a1VmhcjUc1TiJQFjGXsAdt0RJ4Z6jzZtTberh8AdJEjvjzZcrhC3UVvi8w", "completed_exams": {}}}, {"model": "myapp.purchasedcourse", "pk": 32, "fields": {"user": 10, "course": 14, "purchased_at": "2024-11-13T22:46:19.062Z", "stripe_transaction_id": "cs_test_a1DSPO9fMgDGpAyhtgU9vgsCMm13aLY4iLagGq1n2akEpKQCndd4HFmCgG", "completed_exams": {}}}, {"model": "myapp.purchasedcourse", "pk": 33, "fields": {"user": 10, "course": 19, "purchased_at": "2024-11-13T23:10:23.083Z", "stripe_transaction_id": "cs_test_a1rlQCbRVG55nMJyGq9m8iixE1KTx35FtLOWdElbbzv6lDdGodrAjmDE9j", "completed_exams": {}}}, {"model": "myapp.purchasedcourse", "pk": 34, "fields": {"user": 10, "course": 17, "purchased_at": "2024-11-14T03:44:16.835Z", "stripe_transaction_id": "cs_test_a10wBeO2zf1CJl5NN8Esu24AQZaZeGzrCFgTAFucoA65YPFQMsZI4J5igT", "completed_exams": {}}}, {"model": "sites.site", "pk": 1, "fields": {"domain": "example.com", "name": "example.com"}}, {"model": "sites.site", "pk": 2, "fields": {"domain": "http://127.0.0.1:8000", "name": "http://127.0.0.1:8000"}}, {"model": "socialaccount.socialapp", "pk": 1, "fields": {"provider": "google", "provider_id": "", "name": "Google", "client_id": "662892171237-p2c7b7n7n2sn7oku9vmbjaph5gsflf07.apps.googleusercontent.com", "secret": "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", "key": "", "settings": {}, "sites": [2]}}, {"model": "socialaccount.socialaccount", "pk": 1, "fields": {"user": 2, "provider": "google", "uid": "104970076339405896644", "last_login": "2024-11-07T15:59:05.468Z", "date_joined": "2024-11-05T04:15:02.844Z", "extra_data": {"iss": "https://accounts.google.com", "azp": "662892171237-p2c7b7n7n2sn7oku9vmbjaph5gsflf07.apps.googleusercontent.com", "aud": "662892171237-p2c7b7n7n2sn7oku9vmbjaph5gsflf07.apps.googleusercontent.com", "sub": "104970076339405896644", "at_hash": "znfyE4B6waiAhMvlXMBRxA", "name": "Yehjune Heo", "picture": "https://lh3.googleusercontent.com/a/ACg8ocKre2CJcO-5gNcmE4Rz7ukgYlJ0Ftf96oTLq88ziGmCpO0Bqg=s96-c", "given_name": "Yehjune", "family_name": "Heo", "iat": 1730995145, "exp": 1730998745}}}]